bins,Unnamed: 0.1,Unnamed: 0,lon,pdens,adens,pvel,avel,Ahe,vap,B,radius,BrR2,mag,edens,ed,Br,Bt,Bn,vr,vt,vn,vA,MA,olon
50,,,,,,,,,,,,,,,,,,,,,,,,
51,,,,,,,,,,,,,,,,,,,,,,,,
52,,,,,,,,,,,,,,,,,,,,,,,,
53,,,,,,,,,,,,,,,,,,,,,,,,
54,,,,,,,,,,,,,,,,,,,,,,,,
55,,,,,,,,,,,,,,,,,,,,,,,,
56,325.2857142857143,325.2857142857143,56.78094126972691,6.789841057504796,0.033696093687065644,396.2343945714286,487.81262857142855,0.004958076458484629,91.80714724675326,142.89381218390804,0.1327901095699637,-1.1031499933549846,-1.1031499933549846,5.5933811043866255,319.9766462642823,-60.75582727743842,-90.74385742889983,-2.56118871609195,396.2343945714286,-136.96299364805193,8.906683166233767,181.52803167769432,2.1835579424569977,57.37164403456052
57,344.0,344.0,57.598611557682084,6.053413364319471,0.03927062787655816,360.42985609280305,467.77521354545456,0.007201533270237539,107.5628255625,143.7612869519488,0.13240138402345125,-1.6130206628368515,-1.6130206628368515,5.4532732250105695,313.36531182075436,-90.92613077859347,-57.397088315318484,13.123160135826849,360.42985609280305,-105.5065314296212,21.212544231780303,184.88354436807154,1.9608912248109107,57.399546504437325
58,358.3681462140992,358.3681462140992,58.55652932004692,4.618979199487704,0.039230483703513105,322.84961729978636,460.0661620325184,0.009310228916682903,137.30736819344884,145.6615984409248,0.13213864574621353,-2.2584106658047194,-2.2584106658047194,5.179591527556886,297.3375369177091,-129.26616497674704,3.0907919858015607,-12.08444612461957,322.84961729978636,-56.15167509603536,-7.918475855077226,192.3633184844656,1.6918918003927648,57.37295018602769
59,546.0428134556574,546.0428134556574,59.54558621231157,5.612117969619605,0.057491074961651165,304.9523007624475,412.8816053876114,0.011104793229029622,107.99362948087693,152.12222480640503,0.12835817988753803,-2.0819264217216564,-2.0819264217216564,6.001612385720162,371.9186053751281,-125.54075872631361,0.4641084418652077,-9.711669678836534,304.9523007624475,-48.313174969596886,-11.832490558971488,180.27616285149549,1.7100297100337354,57.774137651206345
60,995.8950495049505,995.8950495049505,60.55594004427921,6.025822455006982,0.07601450218839723,296.3840005826013,408.1112173869469,0.013632998475517851,111.75486428896268,172.933891574809,0.11943191716494743,-2.1183020078564825,-2.1183020078564825,6.453738569765353,459.6529567358551,-146.79873295524484,15.810871285095104,-19.840988958520672,296.3840005826013,-34.36234286373221,-18.66128928805872,184.6880139892572,1.620914436350581,58.605788403980526
61,1347.7335423197492,1347.7335423197492,61.396341459209026,7.138432367788718,0.09854118677729871,303.41089123498756,406.82562631728615,0.014711817391728133,103.42876348847861,187.1195081536625,0.11235336313359631,-2.057798576589716,-2.057798576589716,7.243149542411414,579.7363645202538,-161.54991899795047,25.839920752148576,-13.802905055683226,303.41089123498756,-35.43036240228994,-11.348887787494942,178.54738934637348,1.734568918738212,59.78538802468674
62,1695.1967213114754,1695.1967213114754,62.5492930402402,7.817426968224409,0.08968811012106787,316.9032157142857,439.08982179786744,0.012355053154390562,122.18660608358172,203.31310269525687,0.10559346688559154,-1.8849567103713032,-1.8849567103713032,7.785174375111858,698.0174906661973,-168.75749521949155,23.048754441289546,-48.59286691848995,316.9032157142857,-45.25972066981149,-22.44580541961146,175.3384574641087,1.826347542253595,61.41303116912254
63,1844.2957746478874,1844.2957746478874,63.483236521588736,7.328869258975497,0.09249056589939851,313.3753882141333,441.12332367111765,0.014224255978155244,127.76057108408024,225.07132397937622,0.10263963326448948,-1.9199682327144092,-1.9199682327144092,7.381532617956186,699.9373850745802,-182.1179071688042,38.48032649680631,-76.4582980458119,313.3753882141333,-40.41093154483934,-29.708790502387778,195.36101780373147,1.6315591484833205,62.323485107830415
64,1937.75,1937.75,64.42694783859397,6.928785050282821,0.08379469786997568,299.1421623339599,441.9574226330029,0.012775906586122073,142.81526029904305,232.16908644454907,0.10084384784544881,-2.1682940524457797,-2.1682940524457797,6.880368396847215,676.691923993758,-213.22859637067654,25.039674048510843,-37.317519032800334,299.1421623339599,-47.01598941681192,-2.4577979008286626,203.1776852413336,1.479356254518282,62.937915207498776
65,2037.923076923077,2037.923076923077,65.39596648849906,9.778752005894185,0.0904899415473445,291.5531648001998,371.0431116383616,0.0100545825401503,79.58369285214786,236.6156667787471,0.09894577140547581,-1.5615504260763589,-1.5615504260763589,9.228533188912282,951.2829161209029,-156.7050581327005,11.590035047717809,-64.14259477353174,291.5531648001998,-33.94032339308192,-26.578515234382284,181.2732111422274,1.6832672812374434,63.67577193762981
66,2119.279069767442,2119.279069767442,66.54876531941171,12.758943371533427,0.10375280479080697,272.0637779553005,332.3247562302426,0.008640462365596822,60.33922820950368,237.66015067640564,0.09738416318755101,-1.4976717900990122,-1.4976717900990122,11.289021478612812,1197.8167501217258,-156.1655756338015,26.291849482402277,-61.284151939388295,272.0637779553005,-18.445322375592042,-24.120294389843636,159.23532083755683,1.751907062656748,64.31372030568923
67,2129.6554054054054,2129.6554054054054,67.53846900381544,13.657834196107009,0.1100496535958148,246.37816350283725,309.4177022458172,0.008331920260695864,63.05249359731484,240.41178931537502,0.09717375857172658,-1.843776359396837,-1.843776359396837,11.221555464174806,1195.7349322600178,-193.62113293798947,27.458215786506912,-55.72567885674114,246.37816350283725,-12.299727284708265,-18.564238289637874,159.8476296243617,1.572170687187971,64.41247870814337
68,2264.8253968253966,2264.8253968253966,68.54611314010563,14.412713669854877,0.11166908997163726,252.97500351680065,317.1581503921299,0.008090143530512585,64.18314687532926,246.59327701106713,0.09456468325030226,-1.844595956313811,-1.844595956313811,11.784259113460061,1324.7524990873071,-204.51820689925827,19.730290718861266,6.700976446198031,252.97500351680065,-15.731871525346964,7.992857224723745,154.3775334823264,1.6508271939766601,65.63080775362027
69,2448.934673366834,2448.934673366834,69.45704234794013,14.097368560083204,0.11151868865053477,273.6677245977724,358.75054907535514,0.008332457482748232,85.08282447758272,259.60064738068456,0.09111127309706028,-1.825799063977881,-1.825799063977881,11.92774124263054,1436.9062303160897,-219.12971625415832,6.815674037933486,22.193504959904903,273.6677245977724,-24.607673216030506,10.58817007375528,155.18707554737432,1.7628329906458005,67.36651673736948
70,2604.6666666666665,2604.6666666666665,70.51446020400783,12.872236984599127,0.11429720044035696,292.5083115314924,399.06498649436224,0.00924148932684675,106.55667496286985,275.2071948646111,0.08826943623757011,-1.7709280119909958,-1.7709280119909958,11.503671902035542,1476.2397823564322,-226.91296541650675,-5.326663286331215,38.488798199315596,292.5083115314924,-33.0519939515188,12.014392422947983,162.33157968744243,1.8024136249277274,69.02994115893254
71,2679.980769230769,2679.980769230769,71.51774895410462,11.622447776835536,0.10030394676348381,285.2817515655178,394.4390450653513,0.008856165678786434,109.1572934998335,299.5859549197983,0.08692000644239804,-1.9498575709877928,-1.9498575709877928,10.930272662170374,1446.0712930627585,-257.891123281369,13.676387479382642,19.072616292696498,285.2817515655178,-26.129789141215326,1.4135534828837835,178.74116010688465,1.6007841165083718,69.9006653416639
72,2714.4285714285716,2714.4285714285716,72.36706404789804,11.061944018575966,0.08260193828608364,267.65672615769944,364.63249046505877,0.007660859227132249,96.9757643073593,319.08269434333744,0.08630245705433812,-2.209016376375051,-2.209016376375051,10.46169248088229,1404.3156093913642,-296.5561510425145,31.877546290788697,39.15871978301216,267.65672615769944,-12.344586501958874,15.397712653054112,193.05568654863586,1.3884607719205928,70.31643576081161
73,2769.6,2769.6,73.7192106861497,9.93036814812865,0.05418510834468162,244.54270038287638,318.5348368080808,0.00551924183754926,73.99213642520442,340.79231427666673,0.08533168374470804,-2.319562173932216,-2.319562173932216,9.174660381929408,1260.1429680274337,-318.44615361434086,34.62547162047369,16.358493228112536,244.54270038287638,-2.0646021786762483,12.928896624973065,217.50347601954223,1.1244459163299962,71.00304908914569
74,2806.0,2806.0,74.4496360243977,9.964564108090714,0.05903381240255229,235.74386846932055,306.71168505505364,0.005988548086129761,70.9678165857331,347.0263928036993,0.08469814000597775,-2.3496332558641058,-2.3496332558641058,9.247185590747744,1289.0831035666258,-327.461495808418,54.053147786007386,-17.131010114855517,235.74386846932055,4.811102881899821,-3.1931198400672884,218.98028160096456,1.0765307956592745,71.46654890627731
75,2854.0,2854.0,75.75757667103467,10.124244032021895,0.08043720146461615,216.82810615182436,265.00186584029063,0.007614810019267971,48.216474444186765,359.59365404954104,0.08386873907388494,-2.3390849798860356,-2.3390849798860356,9.216515602680774,1310.8627819206272,-332.45861880987974,-22.6980091325057,38.335170457562604,216.82810615182436,-15.997758625602197,22.724622953314782,226.37329109380659,0.9617717282568626,72.09629233321719
76,2908.5806451612902,2908.5806451612902,76.45663604926908,10.744721341048152,0.1016855013515512,219.39761308092446,265.21558614683704,0.0093291142542201,46.30885801284737,362.661618293276,0.08293732243179834,-2.292009042605124,-2.292009042605124,9.433215939407495,1370.1653949925135,-332.6977413556972,-45.90340645541963,48.478466138547645,219.39761308092446,-30.52755169455766,29.388030457959083,223.01667485691038,0.9832046559455784,72.8551427433609
77,3006.1403508771928,3006.1403508771928,77.53633539786158,9.397007552441957,0.08845170048836527,228.16071982911825,286.4782749684818,0.00989261579482395,58.35135986025671,378.62908341864556,0.08128468781789293,-2.239801734263561,-2.239801734263561,8.650579229965482,1309.464837379678,-338.36435045908354,22.94991188569505,0.02408305589717018,228.16071982911825,-3.196454533020593,0.5790435956942354,237.19765147326504,0.9593416713016328,74.26259993583137
78,3054.7176470588233,3054.7176470588233,78.49946275092279,9.862160872578578,0.10901694357151924,221.20128414604025,286.0323810679908,0.011342671396292863,64.8310969219506,387.90570837200386,0.08047297119290751,-2.327139040177594,-2.327139040177594,8.847432743658779,1364.972019087707,-358.83954202630184,26.167971632018993,-30.02138595573254,221.20128414604025,-3.6671811519706288,-10.599606993993453,238.09674569963616,0.927734862495516,74.99685285248461
79,3194.2,3194.2,79.46690550799879,9.241424663612342,0.0948447540851054,257.23761174025975,353.1428886982323,0.01080756853390452,95.90527695797257,392.6733486911833,0.07818859160827342,-2.2081057663828854,-2.2081057663828854,8.54215396549093,1397.6397923310876,-360.82805955786773,32.72555864359949,0.5225780603250489,257.23761174025975,-18.45789802181441,2.1421299116406387,238.0526512513693,1.0817329222373895,77.21787447066146
80,3315.826530612245,3315.826530612245,80.43364789999927,9.043237800660192,0.10278071390388549,303.57901740568957,424.34618872029336,0.012086246663018824,120.76717131460377,399.11782903613766,0.07622121283176159,-2.111405544906426,-2.111405544906426,8.90561462621568,1533.745351999436,-363.1564360034973,53.02341674091049,-21.621791237181828,303.57901740568957,-19.92374765322102,-16.666572884014887,231.01557138798236,1.3159806214619694,79.34761804772248
81,3401.7586206896553,3401.7586206896553,81.59307953427441,8.589589501025143,0.09233974966068609,336.91721026683086,465.40427244849974,0.011379026358521793,128.4870621816689,421.64774958558144,0.07480370347197186,-2.0438323363952278,-2.0438323363952278,8.580220176387769,1532.5915077634959,-364.87797200130245,41.53917192722068,-72.4414554503676,336.91721026683086,-26.79697695332307,-43.205335811937935,244.32003160791595,1.376908803497101,81.05749293963476
82,3450.6491228070176,3450.6491228070176,82.38241662468177,8.387030841654575,0.08741213752775169,348.4780941512873,512.0157847288676,0.01160905021426446,163.53769057758032,434.1604269745322,0.07404447874478455,-2.069256120936965,-2.069256120936965,7.880830894291599,1437.08637503102,-377.0191134089925,-20.54711130644793,-47.32192175562341,348.4780941512873,-58.40447613090187,-29.728933068075108,259.57645192626256,1.3414759217322907,82.03747901089729
83,3508.7551020408164,3508.7551020408164,83.52316841915123,7.606244083971422,0.08153689428264393,361.4487264798127,527.5699566388373,0.011668345838390664,166.12123015902466,435.83810336954355,0.07310645532367573,-1.9263558637636518,-1.9263558637636518,7.5816215683057715,1418.575102034121,-359.86890176047433,-5.56831794538293,-11.760294671395316,361.4487264798127,-56.703299746915455,-9.657018134108577,262.2111054076995,1.3793607196108864,83.31889865977813
84,3546.4285714285716,3546.4285714285716,84.54811623912678,7.763815297644219,0.08321116931054394,346.44893213419914,519.201947553494,0.011594634629247027,172.753015419295,443.14629298035254,0.07249426294011264,-2.0775028629424455,-2.0775028629424455,7.609259092848055,1447.8728130603738,-395.2659042198563,13.500319637816881,1.6631479887765117,346.44893213419914,-53.50834877161496,-8.167693312364255,263.92104736523925,1.3130695395322682,84.19797313141795
85,3587.025641025641,3587.025641025641,85.5821451110701,7.415878597914748,0.07545489825118683,333.21998605394606,485.48013921356414,0.01072017097868157,152.26015315961817,465.23012244260116,0.07192296184929038,-2.2634095049539154,-2.2634095049539154,7.100298015013416,1372.3034311523968,-437.542281532073,37.98242319896397,-15.528801859546897,333.21998605394606,-43.192012105043844,-17.982308609139746,285.0079849177851,1.1709432884493967,85.0558411637085
86,3633.156862745098,3633.156862745098,86.57687487815271,6.358893122705022,0.07732580123156181,338.9457089071386,503.68406663271367,0.012907235221702477,164.73835772557507,487.0764334737057,0.07124318965696053,-2.3576098680460675,-2.3576098680460675,6.519460159311787,1283.99637783444,-464.54813748969195,45.46760610384668,0.008332820407302566,338.9457089071386,-36.75068540626093,-6.003654730796621,308.866870679225,1.0985074072999899,86.12888703740575
87,3677.4651162790697,3677.4651162790697,87.4977113506855,6.075536719393989,0.0803323304192647,348.8452766686801,536.9765693194403,0.014736256818183182,188.1312926507601,499.26882238409564,0.070603643326538,-2.353009140172591,-2.353009140172591,6.029167836048595,1209.712346694237,-471.90305756136115,16.734263917171074,-16.41873090121332,348.8452766686801,-42.75352806754682,-13.052254984322158,325.41407976446266,1.072708372745577,87.18625297592865
88,3725.9302325581393,3725.9302325581393,88.60168307953076,7.010034915770973,0.07717654600080485,350.05427067753953,529.4412709403,0.011452873332333172,179.3870002627605,493.40312892521246,0.06996950490474724,-2.1976879770519426,-2.1976879770519426,6.309250330536107,1288.6855071564003,-448.70714173503734,-41.83656363049368,-52.107686762243546,350.05427067753953,-84.4886816242681,-26.101420084753848,311.415228237731,1.1241827594330334,88.29356411249638
89,3762.909090909091,3762.909090909091,89.45257057429333,6.712009982754918,0.07236788022956744,350.53778026955,523.9256685645704,0.011341255038671054,173.38788829502047,495.99702701612244,0.0695020892782528,-2.202853703664036,-2.202853703664036,6.356226688538641,1315.9031645239172,-455.8716413011896,-1.0679164754645796,-39.966921282017005,350.53778026955,-64.06399322395652,-21.88146178759,309.8131177010578,1.1323053193282804,89.14806578481556
90,3801.3125,3801.3125,90.47091958499428,6.359168920090467,0.06557467494609305,342.52596831236474,504.58124671266233,0.010459418644140675,162.05527840029762,506.39726088225035,0.06900991819390058,-2.291706453279033,-2.291706453279033,6.36202342558752,1335.9238493237501,-481.1822618142171,61.90364206176016,-54.7639930135491,342.52596831236474,-33.53989254123275,-33.717622775450685,313.9122251501837,1.0911788864363132,90.08486681474936
91,3834.3571428571427,3834.3571428571427,91.56803598139565,6.880105187114299,0.06321577238123792,320.1446425680272,437.2267426437848,0.009229078229864147,117.08210007575758,523.5722155303753,0.0686105769544167,-2.3717412916267366,-2.3717412916267366,6.556955660856167,1392.9260730769558,-503.83345375576613,55.48264800952218,-49.99118949811162,320.1446425680272,-32.95900198678955,-22.53988735485552,317.8657921222806,1.0075465247129898,90.87741711603682
92,3863.3030303030305,3863.3030303030305,92.41209270546496,6.6258791974381674,0.061727466865135076,310.4495521094058,421.9999703102453,0.009677886679707908,111.55041820083957,538.5039926160549,0.06827049105373237,-2.3674563688111694,-2.3674563688111694,6.649255761527887,1426.6192572869027,-507.9219250072944,104.3019331033854,-64.30141475381265,310.4495521094058,-8.377589920398071,-28.466321010321394,323.02055003826314,0.9611977276491822,91.57889123762035
93,3900.325,3900.325,93.51772507092574,5.8970269343327075,0.05441085423780874,301.9792307564935,400.9311019280303,0.009429422943710774,98.9518711715368,553.8235740128563,0.06781523637544111,-2.3980781027265103,-2.3980781027265103,6.468696467620657,1406.4807900582198,-521.4508380988141,162.05156500291974,-7.144582760545612,301.9792307564935,7.305374429674242,-5.4730715853685075,334.6284369728818,0.9025769098300733,92.55647902864447
94,3935.103448275862,3935.103448275862,94.48535438318244,6.448252171475598,0.05545653056884231,295.9388984281236,406.85926109046125,0.0086836076277516,110.92036266233767,556.265762876175,0.06742603153009089,-2.42361387185661,-2.42361387185661,6.311891352857367,1388.3528917921021,-533.1071259544789,110.57791925448514,-29.650402249348716,295.9388984281236,-17.77971969641342,-3.1417492162016707,338.2211976056315,0.8750402579354283,93.42947326458695
95,3967.5833333333335,3967.5833333333335,95.57546483874619,6.6422294183820405,0.06405809312477423,281.3831104220779,391.70393699254447,0.009868636947641422,110.32082657046656,566.5798047816037,0.0670711835266239,-2.4343307106085432,-2.4343307106085432,6.346722908035667,1410.8687785568225,-541.1030629343935,46.10393104165721,1.768734377317057,281.3831104220779,-23.529223399592112,7.579786754215367,341.7739128453073,0.8236807356196357,94.26150345464443
96,4001.1935483870966,4001.1935483870966,96.48182534482221,6.509413912436161,0.0631775117993017,280.7374638660802,417.0484935365172,0.010060982928083276,136.31102967043708,561.34506045483,0.06670156907211744,-2.4016456097770496,-2.4016456097770496,6.361104264516531,1429.7221321523623,-539.7921580740964,15.045737770669044,34.49274889004466,280.7374638660802,-26.097719528422008,20.287707042580646,336.33307276386995,0.8348394548981728,95.16537260715441
97,4039.488888888889,4039.488888888889,97.41361951688631,6.5126782402368795,0.0677336776964457,286.4143454853295,399.9967573265993,0.010456857588507593,113.58241184126985,574.2548441848235,0.0662998898125203,-2.4478717881101613,-2.4478717881101613,6.165943516578734,1402.7341491226239,-556.8278013386707,39.37024950458624,33.25424509438714,286.4143454853295,-22.463375521377586,21.76936653670034,347.42403224089514,0.824925452971467,96.19867058213224
98,4093.630769230769,4093.630769230769,98.42749938405686,6.392856750908347,0.07953042890909624,317.00396676290376,444.3613402880453,0.013953105081144753,127.35737352514153,568.641950910489,0.0657641759628998,-2.266988254903881,-2.266988254903881,6.780456641953899,1568.4597499077313,-523.9649600127944,72.37179336726804,-46.80985581849025,317.00396676290376,-11.81962690909071,-33.670500004326,326.24872542191974,0.9792881948619228,97.66957178819337
99,4141.333333333333,4141.333333333333,99.46124116085575,6.848608505911386,0.10593351490889927,352.96024225685426,500.2390005663781,0.01872331580706406,147.2787583095238,561.7648388256373,0.06524701979700083,-2.1258259630588228,-2.1258259630588228,7.564511917037113,1776.9015859905621,-499.30214369577214,47.396532714489695,-13.828266051629438,352.96024225685426,-30.52671607426407,-17.26556183338406,301.9379943792174,1.169259836517733,99.19620018592231
100,4171.967741935484,4171.967741935484,100.46111521920878,7.448163730526366,0.11453248339780651,347.98613125192014,481.47873583088955,0.018554635607269512,133.49260457896943,567.2322121609324,0.06494433009332116,-2.168892805078083,-2.168892805078083,7.673529697402858,1819.3290385947414,-514.2314382490821,-4.864798783044862,-21.98976586657204,347.98613125192014,-39.33595853793953,-17.363132233726088,301.31064749408057,1.1549363008360716,100.15552282532957
101,4197.866666666667,4197.866666666667,101.78089936569957,7.978963990216429,0.09982954881030166,305.2837107041847,410.7270653246753,0.012669764497246225,105.44335462049062,593.3832052080925,0.06472046111791697,-2.3845690952215297,-2.3845690952215297,7.0100393802953835,1673.5785420551363,-569.263673902022,-51.61079523044917,6.513982707627237,305.2837107041847,-48.41656975311891,3.772332768461762,329.01912106444377,0.9304744587835447,100.8990060462705
102,4216.0,4216.0,102.3854160636939,7.930420840875221,0.09942562416858357,298.5722848925212,405.08476729959693,0.012565023988981868,106.51248240707568,599.1443551607638,0.06457236773205385,-2.299081501040345,-2.299081501040345,6.799425340723804,1630.693774752021,-551.3126633210761,-142.19593960854817,-36.106076087582565,298.5722848925212,-83.05426570640245,-12.975155454879832,336.229701578396,0.8883362834839981,101.411445764749
103,4254.073170731707,4254.073170731707,103.61078386112251,7.13152407653744,0.09488142556949765,290.51825872452747,393.8682836205258,0.013472821600294988,103.3500248959983,612.3817699667472,0.06427259150268283,-2.36400529750361,-2.36400529750361,6.733468896001353,1630.2247210936746,-572.22987313346,6.997843938595088,-33.04335687358267,290.51825872452747,-22.26243405462781,-13.781254992783763,344.11225775567806,0.8471512301843824,102.4974504147972
104,4288.864864864865,4288.864864864865,104.42750434534922,7.135187050811689,0.0975501740982165,301.72376602726104,404.03143415935415,0.013873197843718555,102.30766813209313,606.9487769228317,0.06401126830299453,-2.365248559560867,-2.365248559560867,7.2345416173130275,1766.0715579726773,-577.1863984020366,50.87766813516251,81.35514391797692,301.72376602726104,-12.867022707144027,35.603920163741016,328.66740776899894,0.9255262282437892,103.50089038354352
105,4319.95652173913,4319.95652173913,105.39003446530431,6.880856042282719,0.10714051658949908,297.9467911575381,394.22079916054963,0.0159059549053811,96.27400800301147,601.2189732322278,0.06378545736404387,-2.3273767742792404,-2.3273767742792404,7.805220949673526,1918.3675981043325,-572.0345293931791,136.72291205804063,31.06182390728399,297.9467911575381,14.668970786277056,5.402504431260118,311.8478915494961,0.9591591483194798,104.4192077183652
106,4349.0,4349.0,106.49606648948374,7.153741062253303,0.11024782980551262,285.0003518476978,374.6687301036337,0.015406476092917966,89.66837825593598,607.1708134760903,0.0635776404259861,-2.3472544161099176,-2.3472544161099176,7.571731258964001,1873.2036944135216,-580.7034974382755,159.43510661912458,-11.994003860765273,285.0003518476978,22.99998251725567,-10.403800561291355,318.4050341432652,0.8970111414874983,105.31982752158744
107,4376.5,4376.5,107.4919747066801,7.561916696390845,0.11531329893586109,274.66346944805196,350.1596590574577,0.015290253233297605,75.49618960940575,619.1037436909055,0.06339956767270385,-2.383616495627143,-2.383616495627143,7.832890280265989,1948.8118555970257,-593.0210435813084,162.48672954489373,-24.62550992803698,274.66346944805196,28.877345739679257,-5.682534748624755,318.23318891746413,0.8635529747675456,106.13549917268982
108,4400.0,4400.0,108.38905644204524,7.808583411576648,0.11082347965263349,264.3328768943723,335.29051128051947,0.013922679622602541,70.95763438614718,633.860108389994,0.06325454399897276,-2.4505353338761475,-2.4505353338761475,7.207069756527042,1801.0135247593637,-612.4619499256395,122.94053236518823,-46.70287277937149,264.3328768943723,22.951509283778353,-10.07146003365801,340.1502563970533,0.7792063553672771,106.83756790952359
109,4426.857142857143,4426.857142857143,109.16056468112421,8.06678032289355,0.1327160618406245,274.44678630179345,346.37511295299936,0.0162076466834837,71.92832665120594,632.3074539819376,0.06310076804876306,-2.3081284019464987,-2.3081284019464987,7.04820236401328,1771.393424844018,-579.0281434596552,5.007392084236455,31.650041112252058,274.44678630179345,-16.577759717526284,18.307871501524428,343.3146499586413,0.8252103142207046,107.64799965688982
110,4453.5,4453.5,110.57485460102143,11.092258718696577,0.2224849227707538,242.75461062380953,312.9643143558441,0.018876024399257223,70.25934344112554,615.7533066583151,0.06295205789976845,-2.3078334883164966,-2.3078334883164966,9.10027561694689,2296.1969102014446,-582.1866786933938,-22.6224911886702,12.691586062625975,242.75461062380953,-24.672601541894934,5.7709934848865805,301.1350862114459,0.8322960459978477,108.454481575546
111,4495.580645161291,4495.580645161291,111.56175393705341,11.204116805689301,0.21894221919133708,254.84678810431504,324.07317276253315,0.020743634348048833,69.47166216694596,603.4299657643581,0.06273504801532004,-2.2208022326016517,-2.2208022326016517,9.644886714298426,2450.306296427019,-564.122998735256,77.03130690164222,-13.926596124221346,254.84678810431504,2.045675933736524,-6.06204285807443,277.7237545002396,0.9241708815001064,109.73911708115533
112,4534.545454545455,4534.545454545455,112.35388295139036,12.198521852534164,0.26216261391124007,276.34132531582054,351.46243584218814,0.022129272585510583,75.12111052636757,585.0194635100507,0.06255260315870688,-2.0993048882851038,-2.0993048882851038,10.024106799176815,2561.6029779474375,-536.2887769317441,-63.88071515663841,-81.13677461952724,276.34132531582054,-38.47983572460291,-30.706877424840613,264.3467234058542,1.110928524279336,110.9391350450257
113,4576.678571428572,4576.678571428572,113.59208467330123,11.995276046417477,0.1815814165213759,279.47644486703774,340.0428264981447,0.015732187143474147,60.566381631106985,537.7522954025895,0.06237323084826415,-1.2590259670825488,-1.2590259670825488,10.064084997460373,2587.6858109774516,-322.81063204546984,14.993823919608152,-12.676713761677368,279.47644486703774,-7.410373485374923,-15.683813545807437,248.17459584918373,1.3867473618200514,112.24615797121386
114,4595.85,4595.85,114.50660533030654,10.09427039372442,0.18452281832779927,259.2617696136364,334.4435405405844,0.01883418236059966,75.20627792694805,618.7860277501063,0.0623004582106917,-0.3161595035608662,-0.3161595035608662,8.217502602706382,2116.6024703407747,-80.10293936586706,32.4060053904248,-13.039103190824616,259.2617696136364,14.64272150584578,-10.217107415493128,309.5084511662275,0.8937260853515051,112.8452117671601
115,4625.470588235294,4625.470588235294,115.52763749380311,7.503128195132225,0.136822007409838,253.23762664120193,349.9539628724217,0.018201969135943675,96.71633623121977,653.7045757360856,0.06219449114331696,2.509572425188926,2.509572425188926,6.07058457780475,1569.2469331859727,648.7850161874529,-14.185187581986678,33.28313282364422,253.23762664120193,9.778000299807744,-4.627086300626967,374.85856283749064,0.6775017708221465,113.77352665569386
116,4653.074074074074,4653.074074074074,116.44621499383172,7.016139123408923,0.11956030777181342,250.50812896103895,342.9850351619368,0.016991221937270835,92.47690620089787,674.2247745362189,0.062107050926567264,2.558490990462431,2.558490990462431,5.568637421122458,1443.6114141314579,663.2851813168929,67.88356716367574,33.15762998128006,250.50812896103895,-24.427156396686385,-5.957815122264711,402.46455476872353,0.6225301038589419,114.64337883122774
117,4691.88679245283,4691.88679245283,117.47154779583778,5.221272987347748,0.07855473858141226,261.9218041337907,362.8736026133301,0.01510265218668079,100.95179847953932,671.53293159471,0.06200140559538381,2.542966366519579,2.542966366519579,4.661878727197633,1212.58804234674,661.5055874900746,-20.365007632835,1.3442964068785257,261.9218041337907,11.04374479839051,7.568282490368808,438.21744596698807,0.5969529296153087,115.87266841717403
118,4743.276595744681,4743.276595744681,118.55092570575275,5.021783383834138,0.07314235415365943,293.79529853366495,423.06826810490924,0.014698529944583066,129.27296957124437,661.4465728012489,0.06188909985444156,2.4640286641005007,2.4640286641005007,4.451757592111361,1162.262861581201,643.2946458932537,42.770315543297684,35.402788775733626,293.79529853366495,-31.833821270718293,-14.087223253918024,439.6411287580283,0.6692029191839617,117.50913592468335
119,4785.069767441861,4785.069767441861,119.46268804684404,5.137985758784286,0.08007356626127415,322.7913724675325,462.63118952481625,0.015624213837658947,139.8398170572838,657.2676002317006,0.06182212037671082,2.454505259321586,2.454505259321586,4.400759607387789,1151.43125563989,642.2043461848089,75.03586248337014,42.046704503306316,322.7913724675325,-54.56609460157505,-15.146565018733314,438.8638117726579,0.7358986920025745,118.84641050908344
120,4823.733333333334,4823.733333333334,120.49355734046388,4.901377083509357,0.07580907503324534,338.642392479798,480.0226557200577,0.01546908254623044,141.38026324025975,667.8825285198216,0.06177918481172294,2.4894948667050323,2.4894948667050323,4.282053232697922,1121.935576016993,652.2686426472992,87.69310544582777,-7.713396771292824,338.642392479798,-61.4093529219448,15.897479840274602,451.74708926434386,0.7497139579913199,120.08755976619219
121,4863.224489795918,4863.224489795918,121.47377812776618,3.689529039700566,0.05483785270749198,368.04677888064316,540.1092253467622,0.015550613065135726,172.0624464661189,664.6178035280454,0.061756911501455694,2.427526897172798,2.427526897172798,3.936083553745298,1032.0233485751692,636.489487162613,7.062857876252233,-13.836754100720897,368.04677888064316,-35.908083399541034,0.6321417092431078,469.3744653343374,0.7836120637683804,121.35946225184277
122,4905.705882352941,4905.705882352941,122.49940008038753,3.382400497392688,0.047692545900335184,410.8123023306595,608.74613964795,0.020738336251583812,197.93383731729057,662.7904757039106,0.061754352493993296,2.279221302236076,2.279221302236076,3.7594937051910158,985.8124184975086,597.6626486181785,12.402909651381568,30.34585236108197,410.8123023306595,-45.92824644177067,-39.60205664745352,478.3876725781602,0.8585821605072477,122.76827397543227
123,4930.869565217391,4930.869565217391,123.40260886119526,3.5083312919639376,0.03966587543476281,412.1592594278186,591.3530161415396,0.011982550949447302,179.19375671372106,669.7336697350746,0.061765026853090384,2.291260452679886,2.291260452679886,3.658349866493443,958.9583247395218,600.6092165459322,55.55195993076431,62.85624491513125,412.1592594278186,-63.69572924069735,-51.736228403925274,490.06673521917423,0.841636295010429,123.6850601692456
124,4955.695652173913,4955.695652173913,124.4901021370703,3.5784276373706376,0.033233435497085836,381.31121664596276,550.8381753086769,0.00952678130657037,169.5269586627141,670.2210982401574,0.061784321228427475,2.4412711322306997,2.4412711322306997,3.5814287627996246,938.2073946967862,639.5300948410332,75.65322219880215,31.40973280916091,381.31121664596276,-75.97750885118671,-24.084987055348957,495.86029381000884,0.7694179547290243,124.52572187948134
125,4981.235294117647,4981.235294117647,125.6086417645339,3.6363432951897643,0.022320551208792512,360.1341256837281,509.9773956633562,0.006146314688349606,149.84326997962822,680.4590664243533,0.06181447441085659,2.466492295741009,2.466492295741009,3.400403984167353,889.8992202444848,645.5384675824159,123.99933751120068,16.494797552656422,360.1341256837281,-88.77240097408963,-12.713554666831678,517.1622233885473,0.6994567110933009,125.39193199417129
126,5005.454545454545,5005.454545454545,126.39439819962826,3.6620243313503025,0.021638262528987238,357.5337903714089,502.8274300014758,0.00593984064845285,145.2936396300669,680.9545929379806,0.06184884147987704,2.51012005198309,2.51012005198309,3.451260722382476,902.2058468537239,656.2167009192534,89.05246115648646,9.177666949255206,357.5337903714089,-74.23888868398416,-9.265612305062772,514.177531763431,0.697489451452626,126.17330935319006
127,5051.024390243902,5051.024390243902,127.5281488592801,3.353496648441835,0.020461868899280113,397.46693863266813,578.6151315610812,0.0064267228267106905,181.14819292841304,671.3034555204175,0.06193369790271876,2.312543463425894,2.312543463425894,3.508781603619026,914.7078253977494,602.9643086326433,67.65274626023962,44.004218313862076,397.46693863266813,-82.3493372938215,-40.290712530514725,503.51972893960544,0.7944613953689864,127.6414249837172
128,5082.878787878788,5082.878787878788,128.43993426278533,3.332171533111044,0.0250348686283593,407.51419620884167,635.6783282834842,0.008043291521758837,228.16413207464254,660.3745745134723,0.06200825177460103,2.317595059152357,2.317595059152357,3.61723899655566,940.7005209421636,602.7966357990912,15.816717196488804,72.52940097491688,407.51419620884167,-58.06287198821015,-62.65849993715046,488.40792672949084,0.837745174817866,128.67466440003636
129,5115.857142857143,5115.857142857143,129.50416244885506,3.817792867571562,0.03327362286049463,423.75325419526905,647.1366878161718,0.009132160886968613,223.3834336209029,653.4144130747127,0.06211267695459001,2.343703078760094,2.343703078760094,3.8809743100055303,1005.9334683807054,607.5176324835796,70.91711049533046,41.872958926480706,423.75325419526905,-87.23408432841141,-34.19070977140847,466.8883590524569,0.9086166259084397,129.8854508040699
130,5141.869565217391,5141.869565217391,130.54813818002623,3.867536236371657,0.03375842875930988,409.8406094146434,600.6408208469791,0.009340673806473803,190.80021143233577,660.4474074251891,0.062207300125329476,2.4219441989750323,2.4219441989750323,3.9442666588538753,1019.2578805916992,625.877808848047,49.64032075628108,63.856967388242445,409.8406094146434,-73.25563926511198,-44.98712424953134,468.69727169444377,0.8747681061689476,130.8361875167602
131,,,,,,,,,,,,,,,,,,,,,,,,
132,5170.2,5170.2,132.62083433283644,3.894896910746328,0.03192757998433603,305.90730264675324,455.1918045601732,0.008294063568278713,149.28450191341992,665.7943934917547,0.06231311565280451,2.5318676358797574,2.5318676358797574,3.84363810404976,989.8532449247574,652.0660011767059,-38.86996938546615,31.837941088301797,305.90730264675324,-22.74822063388225,-27.81175405723117,479.6254452590887,0.6387681798973478,131.77975832984202
133,5202.883720930233,5202.883720930233,133.55547261469337,3.6882745591191965,0.03321669216201974,314.7717613661532,450.2078453095741,0.009259084180926726,135.43608394342093,664.4650161240619,0.06244260926218373,2.5051125364709512,2.5051125364709512,4.033207946278105,1034.3225259927276,642.5195040895452,-71.90121648842468,27.58964237164475,314.7717613661532,-2.097863400912152,-28.089473824660477,468.67979320980334,0.6747841892823727,132.81829771554285
134,5247.979166666667,5247.979166666667,134.4745470767834,4.0987198932609905,0.0403112480837674,362.0135566896645,520.2344404779942,0.010224627748991112,158.22088378832973,646.2892384672738,0.0626507172608826,2.410684953049889,2.410684953049889,4.363451311209514,1111.6077994382165,614.2008035807906,-54.290595718038496,57.54598468084146,362.0135566896645,-26.695514236187773,-48.544549077286256,439.39301002523456,0.8262310031173977,134.29898738475134
135,5284.04347826087,5284.04347826087,135.55450007479868,4.602660861841316,0.04425988442835112,376.722596241295,519.5198644673443,0.011971805235692405,142.7972682260493,644.0828771497055,0.06284744846140079,2.4561521715932604,2.4561521715932604,4.362999718787376,1104.6173668711265,621.8376665939285,19.029267909184323,-33.89477186961831,376.722596241295,-67.39164937961321,19.789413822595705,439.05584039376953,0.8582301588143547,135.55471762469463
136,5306.454545454545,5306.454545454545,136.57079007233952,4.485076352361673,0.04394533669932952,347.3004160763479,471.09014832251086,0.01002853540016909,123.78973224616293,656.9577766163679,0.06296860380535438,2.5696603417950588,2.5696603417950588,4.216266115091336,1063.3661156404457,648.0685589099335,-21.056593542812397,15.072852488587584,347.3004160763479,-35.14094739533648,-10.454213179871113,456.45202062778657,0.7610996687897085,136.26585729169147
137,5330.5,5330.5,137.51542650524323,4.299926597281109,0.04184679875447883,330.8314653613054,449.4080167299367,0.00977281886060495,118.57655136863137,657.4681987101163,0.06310337797937188,2.568439732132596,2.568439732132596,4.156278749658414,1043.7721224072939,645.0128891504143,-60.33645596760661,51.76480685413594,330.8314653613054,-11.012051579701964,-46.58288308280636,461.0696899343542,0.7176282835379241,137.01395981059105
138,5357.5,5357.5,138.47822071695737,3.9174197156428248,0.03491894370785325,321.0584109616574,435.7984973971861,0.008985140461051075,114.74008643552875,657.2113111280694,0.06326268245018937,2.573355148901348,2.573355148901348,3.9554554486251816,988.3558472432641,642.9930383480215,-76.38042404899059,26.732019738409313,321.0584109616574,-3.244272348747681,-23.748664437562617,473.68748972508445,0.6779348105043186,137.84988752314035
139,5388.75,5388.75,139.52561947640532,4.027528139057634,0.03111359057538133,315.50891164231604,443.79996303368506,0.008043510851000872,128.29105139136905,651.0794338933356,0.0634579454353029,2.538800341264448,2.538800341264448,3.7751753306130023,937.5451362291725,630.4916960212362,-15.74760057617028,62.767647529229954,315.50891164231604,-44.8717906973564,-48.159898468525434,481.9027475226941,0.6550057508561868,138.81158457891314
140,5416.071428571428,5416.071428571428,140.44629315908776,3.541634485284017,0.022798892631735047,309.7208923508039,440.70060679730983,0.0067224529673300506,130.97971444650588,648.0331884287826,0.06363819708458321,2.5281467400762128,2.5281467400762128,3.614988004384552,892.6326348499941,624.2698817909228,-57.525973862566616,50.63168057849788,309.7208923508039,-28.48141631916651,-45.52633914917378,491.4019071202716,0.6303425772217751,139.6530118816932
141,5445.0,5445.0,141.5291134323796,3.538213806147747,0.02151848190445635,297.90262483806316,420.9874773985891,0.006302622023270362,123.10933434503768,646.4689071570733,0.06384303825263593,2.5709766792252484,2.5709766792252484,3.552311946060214,871.5438416205436,630.7648818741341,-54.659378814108244,-7.007665962863767,297.90262483806316,-29.844431644236252,-1.4798986557657525,496.13588367805966,0.6005621320642931,140.5572726213532
142,5474.5,5474.5,142.49161070538844,3.500464064256222,0.01968330104741562,293.5466013244048,408.63557085565475,0.005707409411203425,115.08896953125,643.1810724804415,0.06405609582910173,2.568971632394631,2.568971632394631,3.5406238360510223,862.880840368727,626.094973485057,-87.40293839607085,23.414298516058103,293.5466013244048,-7.333177775365802,-32.413245359655704,496.09477262403266,0.5918678417864602,141.44744658851383
143,5500.0,5500.0,143.4092319492891,3.489510431275055,0.017651497593397337,284.67283465481887,406.33834302460696,0.005177349061167348,121.66550836978813,639.6164326891726,0.06424751825765938,2.583084285393123,2.583084285393123,3.439529580744853,833.2988013088053,625.7882570417423,-49.119783744996255,14.970398353112548,284.67283465481887,-28.4689877011301,-27.12031702307701,502.268606983952,0.5673175131860074,142.21204449435376
144,5528.321428571428,5528.321428571428,144.57876101629367,3.0731733717001,0.015165832054468047,273.0537190785405,395.19937716604824,0.005196682381046335,122.2350095485467,640.6953855223312,0.06447572686743716,2.5428212612611554,2.5428212612611554,3.1880391487066313,766.4675910122814,611.9475734584081,-23.933176599475665,-16.336760991905578,273.0537190785405,-38.12753246068259,-1.4290238903772392,526.0085062102369,0.5264110117178956,143.0688332040445
145,5579.802816901409,5579.802816901409,145.67657668528827,4.0314431198064105,0.025040352521993568,311.4823686561795,435.5882546006341,0.006127483159416406,124.16201349521371,622.6976604404836,0.06494412074233422,2.479666720059382,2.479666720059382,3.9027916246935885,924.5784204099807,588.2070813233345,-31.544749560345096,16.229384393897515,311.4823686561795,-36.195300224627154,-14.633061883725137,467.3814281359378,0.6816441459165999,144.7319585713319
146,5614.780487804878,5614.780487804878,146.3870128942563,4.122300560308988,0.02660199097236863,341.454757877732,494.8897362897265,0.006934094210085976,153.59689802871924,608.9174237082618,0.06528560199930936,2.37747745809017,2.37747745809017,4.13649381350173,970.010692556346,558.2998869185136,-24.88304687939284,82.71737542622527,341.454757877732,-52.03999098232182,-59.10649676807254,444.1423356165167,0.7788666411693222,145.85344336879436
147,5666.235294117647,5666.235294117647,147.49142726672076,4.079132758988076,0.027802532749475476,375.58991849630763,541.2878104475427,0.0073140168584365384,165.69789195123505,589.2365397484728,0.06580443636218891,2.381405335874659,2.381405335874659,4.33338824714223,1000.6477804905453,550.088180545169,-46.745075590377674,30.82742019137896,375.58991849630763,-43.685408612950084,-16.976846812851413,422.2649970523999,0.890855697666744,147.48146631026265
148,5696.48,5696.48,148.64152928206795,5.184890420058648,0.036689111608558825,352.53592503463204,510.83608062424247,0.00746812781400748,158.3001555896104,573.513732031679,0.06611021304901596,2.318506479748306,2.318506479748306,5.005733801398229,1145.092791289382,530.5677886385223,-41.869539064519806,49.58329251091085,352.53592503463204,-47.026214523017316,-36.777512824068396,385.5541457498793,0.9167492292815923,148.37536536166832
149,5720.592592592592,5720.592592592592,149.31395039291365,4.532735740882158,0.03701302840159441,366.6160494163861,544.8184406044574,0.00912656302742164,178.20239118807118,579.9014874160816,0.06640460662971533,2.190180907538086,2.190180907538086,5.3406987973609,1211.1920621282934,496.8331233533246,-173.90296514091693,110.68422627974309,366.6160494163861,3.1594286637833915,-80.75455101697955,377.53151527141097,0.9703632643590484,149.1985626062433
150,5747.461538461538,5747.461538461538,150.3744934744846,4.332781667108106,0.03751734563614389,350.80025744755244,517.4738053080254,0.009078538541614115,166.67354786047284,569.1936044473916,0.0667347773229168,2.1261846411770113,2.1261846411770113,5.3482021058491505,1200.735478757705,477.616425862069,-211.2093549720336,143.7141221566092,350.80025744755244,32.743698211838165,-95.53030014446288,372.4701157458231,0.9428666422508909,150.08750068436262
151,5770.395348837209,5770.395348837209,151.5562724426419,6.686870128682793,0.05891707845354402,311.1071787893889,449.60575920316114,0.008896737292904777,138.49858041377226,574.6316861630147,0.06697719180140531,2.3473406990070185,2.3473406990070185,5.970451871185175,1331.1087934444688,523.4005319784593,-13.23755930293263,17.082669838241785,311.1071787893889,-30.772836884097657,-14.697706478827644,357.8623466480212,0.8711441530138943,150.71888710368623
152,5809.787878787879,5809.787878787879,152.49974003089525,5.7208860119423415,0.037667132552968594,322.02511626721764,452.4976383366129,0.0065333095830918215,130.47252206939524,568.8023343115126,0.06740309195537689,2.3637699167701864,2.3637699167701864,5.329973298927109,1173.4347558598417,520.7848000001159,-52.20528816322574,2.420620629734027,322.02511626721764,-24.707225590664436,-1.7718179511314471,376.82837397030835,0.8544625715654194,151.78283347063274
153,5836.310344827586,5836.310344827586,153.4977988945757,4.986258106549157,0.025896607274223316,299.3805687005523,424.8342972271981,0.005394514159869456,125.45372852664576,568.3651823300663,0.06769481337591556,2.5105799091426997,2.5105799091426997,4.707549311046957,1027.305582246978,547.8812342438812,-58.86461477079425,2.676154959757867,299.3805687005523,-26.549304773164057,1.0196173592401847,401.8293974154221,0.7451835302385714,152.49360718124518
154,5876.790697674419,5876.790697674419,154.45328894223803,4.983340793430782,0.031528872243622795,308.87696117436826,437.7382757112655,0.006541755357782339,128.8613145368972,562.2676566589641,0.06815556315631724,2.3409887646061875,2.3409887646061875,5.0446390830020995,1085.578547767054,504.2308188264706,-55.972010319630954,-12.026701198517971,308.87696117436826,-23.963464664634554,1.814543247857647,387.34309318815866,0.8018513245086275,153.56035200666193
155,5911.911764705882,5911.911764705882,155.39459718249398,6.476047985144372,0.04142524294588968,306.8953004558187,435.7914542188694,0.006440762395633104,128.89615376305068,550.4966030472569,0.06856688459689057,2.3554262100867076,2.3554262100867076,5.516124396211565,1173.2967895779193,501.2838078460978,22.922740961323104,-19.956744986696577,306.8953004558187,-48.646394543232745,8.758483627567484,364.1022895603106,0.8430128350701016,154.4764528689549
156,5942.214285714285,5942.214285714285,156.5117540965356,6.023555780083067,0.04032708839253266,287.5960129912647,407.9721471300248,0.006917271345651768,120.39232089471243,542.6886121038588,0.0689298199421047,2.396560347193789,2.396560347193789,5.467079729067358,1150.6399045818425,504.5213641522988,-34.09838064512192,13.262441243710795,287.5960129912647,-20.117792226883118,-6.868814416883119,362.4507047990502,0.7933188483430166,155.25957647852516
157,5997.836363636364,5997.836363636364,157.53363345341265,6.4127899629530685,0.042349918683561465,315.57428814600553,468.7205324258166,0.0066883956003812315,153.1462442798111,519.5758831880878,0.06962433241791607,2.3866579467004394,2.3866579467004394,5.7226169678088485,1180.4735459970068,492.61521319141104,-12.16069597342371,34.59670695208929,315.57428814600553,-35.15796273075868,-25.128418625759128,344.0441733773739,0.9234489891531029,156.67780286758816
158,6052.226190476191,6052.226190476191,158.48603103561382,5.619515078614036,0.03858430887686098,349.41547895852284,512.3311484517067,0.007035149731258091,162.9269826374416,504.26865417183166,0.07032356076928431,2.3344294245335857,2.3344294245335857,5.616086799342729,1137.6582988514697,472.382675310467,-31.59423981284355,5.2217348104768515,349.41547895852284,-36.12202461024475,-14.071359724705408,344.0712579418857,1.016223576818054,158.0224225727781
159,6119.403508771929,6119.403508771929,159.36086952513506,4.546911141221977,0.03205781681924056,408.9537293157895,588.2176561196172,0.00754781336901733,179.26392680382776,498.7623042293629,0.07121369393797372,2.285159155115413,2.285159155115413,4.74784194324007,937.6793383509907,450.86660796686294,-69.67508247889359,46.96706120834048,408.9537293157895,-35.37844009336523,-46.0311270403732,372.77038916408867,1.0943917973927555,159.6590648365964
160,6168.566666666667,6168.566666666667,160.37766596852433,4.130291232857881,0.027738728841460676,421.41123931818186,587.7961463060606,0.007044679237695866,166.3849069878788,490.3463368240759,0.0719014097423736,2.3532066241246854,2.3532066241246854,4.3572209023994874,842.8616568276927,455.20668319128293,-31.09846002070767,-33.573472840299054,421.41123931818186,-62.43555826530303,13.90815347641212,382.6679407174495,1.10164401159355,160.8528840746064
161,6204.0,6204.0,161.40916206945687,3.7025056917907317,0.022766670492481593,411.01750754079256,555.0343173379954,0.00636853610283368,144.0168097972028,487.0880733955918,0.07247273753109121,2.4285229008060654,2.4285229008060654,4.280034510989866,814.9287345483685,462.41055202129,-72.09259933772248,-21.820978261453913,411.01750754079256,-33.345308230372964,-5.87304682944056,386.56677960858366,1.0634460442153995,161.79642519835156
162,6257.470588235294,6257.470588235294,162.74442431227578,5.095281584925342,0.02659430925098277,405.4104861818182,572.067341684492,0.005434200124912441,166.6568555026738,468.71958362110985,0.07325878043622663,2.248474142310616,2.248474142310616,5.0632551145462985,942.7486226122425,419.3192796135543,-31.030031522225574,-23.435897831632474,405.4104861818182,-44.073448759112296,-9.795946729294117,348.77507642210696,1.1859397101200195,163.0385163708736
163,6270.489795918367,6270.489795918367,163.2606478252919,5.756753321752697,0.030221415744123358,384.1466617050093,552.7415091335807,0.005537260955248851,168.59484742857143,463.055132016518,0.07345431962183145,2.3120772063216593,2.3120772063216593,5.256491336590996,972.8414787440313,429.01064738976766,-2.0994733972937474,2.9676781316673253,384.1466617050093,-54.50419239212931,-25.40100843002783,339.9068679974322,1.1574552307461228,163.33422679441836
164,6320.785714285715,6320.785714285715,164.48499332053566,7.251995998151625,0.033786214528806716,379.19707606818184,553.1782311525974,0.0048647052641957,173.98115508441558,429.43605066522633,0.07426493635136425,2.1591936689584728,2.1591936689584728,6.165203927311035,1117.7405591757545,391.5219417791035,12.156285457401149,17.280387997491275,379.19707606818184,-60.562507113376626,-29.81791485805195,291.16646842362724,1.302815263565831,164.5473108734249
165,6362.333333333333,6362.333333333333,165.6155113046597,9.028020551936622,0.037615739440960444,361.0778832282828,495.4638032848485,0.0042503997825953065,134.38592005656565,427.8411346721887,0.07488515211501212,1.987898033448907,1.987898033448907,7.577015566646411,1350.3097879883048,355.2327077352204,60.50393422131322,-37.6527020787775,361.0778832282828,-67.32495797458586,4.905857564886868,264.51402574796697,1.3743262889923082,165.42921886654838
166,6394.487804878048,6394.487804878048,166.4304012822714,9.053697690867912,0.03879219726144422,348.8732854722838,480.6634402660754,0.004350418797176612,131.79015479379157,419.9577859782836,0.07536800236705553,2.0727939583976434,2.0727939583976434,7.718623983892138,1358.380401112346,365.1239634305571,28.94974344753296,5.170223609312241,348.8732854722838,-48.38342785884701,-9.44448305380266,258.50410861287696,1.3526820004920994,166.09958591265269
167,6439.461538461538,6439.461538461538,167.55166268396917,10.182434502361858,0.04304952273865845,337.4270614545454,464.0348427599068,0.004312357182327849,126.60778130536131,408.1938388293137,0.07608497078919567,2.133564864358587,2.133564864358587,8.115317640241672,1402.0846280156827,368.65463501537425,59.932884830812256,28.068639423607202,337.4270614545454,-54.02886044060606,-13.40771350827506,247.02706654790595,1.3661142812128015,167.06037426355584
168,6474.066666666667,6474.066666666667,168.4493241263152,9.88963904480313,0.039867208167991275,325.56478780808084,447.61532258013466,0.004068354329957826,122.0396127442761,401.0723401712511,0.0766334472729083,2.2289887897121954,2.2289887897121954,7.6136655815240735,1296.609830247555,379.5229401470334,53.60403905998791,42.48079666557228,325.56478780808084,-46.96202247375757,-13.793255799013469,252.453296140952,1.2910729959794145,167.77170616410942
169,6492.857142857143,6492.857142857143,169.34436392236944,8.844426964148596,0.03673208965556762,296.1360224935065,385.12235942857143,0.004196636643141728,89.03393485714287,429.3773733251232,0.07692597542741186,2.523449316456308,2.523449316456308,7.089728363382895,1198.05443399692,426.42751646141215,-14.09892425871478,-7.187996454925288,296.1360224935065,-12.3618958202987,11.910235814285715,281.3870025777552,1.0531572764747856,168.14292236155785
170,,,,,,,,,,,,,,,,,,,,,,,,
171,,,,,,,,,,,,,,,,,,,,,,,,
172,,,,,,,,,,,,,,,,,,,,,,,,
173,6589.241379310345,6589.241379310345,173.69414079759613,17.029160979872277,0.14957122988442617,233.6525514075235,268.7099787429467,0.008340028283737528,35.90534646394985,392.16872799022406,0.07902726091591863,1.940094224512813,1.940094224512813,13.346826530944844,2154.8723935691773,311.7469119560274,-26.22879813998764,-38.02789095187744,233.6525514075235,8.625770149639498,-1.8029843658620701,196.62361906053582,1.1825299776383797,170.60821166431685
174,6583.825396825397,6583.825396825397,174.53157182601458,15.096116489027457,0.08623682474228223,206.11611641486292,241.9548104920635,0.005714238359933544,36.0503065966811,406.8748710393709,0.07897269165751132,2.4258630411566524,2.4258630411566524,10.877446165537926,1748.2867953819923,389.5485333091025,-37.48038758580502,-8.94611302551858,206.11611641486292,9.479198615157966,2.8344254396002886,224.15865298450998,0.9326637676647374,170.56669243798254
175,6679.1866666666665,6679.1866666666665,175.4596169020638,12.661204923445506,0.08474600412527228,232.57139240363637,288.95629991636366,0.006772159929247083,56.384907512727274,389.6431813966824,0.08068168715225633,2.4150879863371015,2.4150879863371015,9.359355949936182,1440.4074754184487,371.5118767085465,-56.483187110685805,10.041200596807293,232.57139240363637,12.158739305915152,-8.624268583649696,233.29073740005697,0.9978095242276017,172.43670455312954
176,6796.725925925926,6796.725925925926,176.49396325434392,10.255349828061734,0.07559037829971003,267.57337456498317,350.8359306505051,0.007397654971224856,83.2625560855219,372.6473969579184,0.0827150316069808,2.455353196711457,2.455353196711457,7.703822985204107,1128.128627073234,359.1076425825866,-22.503867515779252,-11.496640431310189,267.57337456498317,-14.76196535524431,-2.4307049244422223,252.5098790215824,1.0590120097907494,174.49483289826628
177,6896.016393442623,6896.016393442623,177.50256814693896,8.738831389435047,0.060561043535055245,291.9955970208644,391.9782669254844,0.007062632214836635,99.98266990461998,361.0749291213263,0.0844205027577878,2.3572837228885417,2.3572837228885417,6.828074391707939,958.3595464617956,330.9525474261881,6.68807430756484,5.487118059612948,291.9955970208644,-43.67356608336811,-20.64861941741878,264.401771712613,1.1042898222728146,176.08891431757465
178,6959.96875,6959.96875,178.57307028001705,7.161370389523875,0.05352959820528632,291.6770348025568,401.0154107099511,0.007728210690262644,109.32071635878314,360.42990982588884,0.08560392649912502,2.3999041512729717,2.3999041512729717,6.230598136035053,850.7832386683278,327.60080674069974,-69.99619395474845,47.33607551633989,291.6770348025568,-4.0177857033183395,-56.57531523476168,280.3471492191055,1.0408146535619438,177.1263170319538
179,7022.79104477612,7022.79104477612,179.39145863152243,6.560185610560512,0.054950326472018945,299.0889785956581,425.5330546187245,0.008837092906705587,126.47041832971507,346.1417547477383,0.08674365654687306,2.3792967326343604,2.3792967326343604,6.079670574910323,807.6755987425854,316.7647220848597,-64.80787841849842,13.3688222169766,299.0889785956581,-11.518397672257803,-43.09430638416418,276.2286200416756,1.0891457276945014,178.0803414658777
180,7086.3421052631575,7086.3421052631575,180.65964732370875,8.401808214429288,0.07818716218508648,284.86309633732054,390.52960627751196,0.009549859047141429,105.66650994019137,337.4561572153275,0.08788769039668508,2.3860672069400857,2.3860672069400857,6.697864622813436,865.8414827885617,309.51677700887456,-4.16687819953282,1.5580266106544958,284.86309633732054,-36.523040277535884,-32.34295762741627,261.1176697383247,1.1048765349274012,178.99797571817265
181,7150.730337078651,7150.730337078651,181.54755170748385,8.934186487120447,0.13279620406955173,287.5611470143003,391.018483113381,0.015345536290463044,103.45733609908069,320.23367553595676,0.08904446413550557,2.1705233309939147,2.1705233309939147,8.039835108363107,1011.9528878738478,275.30252912682573,-70.71787441183142,20.711309613710895,287.5611470143003,4.920249268164453,-41.98121501551277,229.79175742165845,1.271134881124913,179.87962046148866
182,7228.0,7228.0,182.4254454558793,10.034964937900678,0.17682915070994412,295.39122012156446,396.42745067970407,0.018465625045671806,101.03623055813954,300.883582074246,0.09047615393871028,2.02145574369801,2.02145574369801,9.072907180791592,1107.8213383475486,248.42096531421987,-49.37500841115369,-12.03034861898669,295.39122012156446,-8.346369466472515,-19.131572740573993,205.02483181705898,1.4468402821820232,180.92747679108896
183,7300.054054054054,7300.054054054054,183.39108468434728,9.62285659737505,0.16794890052216943,295.439340027027,380.79880379361185,0.018403389766161442,85.38830796805897,295.01441514821227,0.0918503832367476,1.9566543314672824,1.9566543314672824,9.291645899942893,1101.4862640246217,232.8824844127731,-48.11685880269962,-67.92124917698435,295.439340027027,-10.23037628678747,14.372028246613022,201.44387993944375,1.4672230420321473,181.89006926632425
184,7361.8983050847455,7361.8983050847455,184.52997564788285,12.097455998474068,0.19504955835791013,284.9158997134052,367.6794601201849,0.016456996745094304,82.76356040677966,292.82678607052407,0.09317519596532038,2.1886737843313897,2.1886737843313897,9.240621465338444,1064.8122156056309,252.43511665926357,6.327343567905758,-22.2907000810864,284.9158997134052,-28.20594601624345,-8.5407823138151,203.35068289324025,1.4016647908948046,182.77778329983488
185,7417.8421052631575,7417.8421052631575,185.60748152476054,10.468187356790693,0.18178635620357098,277.36233589952155,350.88378375837317,0.017853013621246396,73.52144785885167,293.81578149954186,0.09452139300763152,2.310041808284115,2.310041808284115,8.997027643432808,1007.1508629299208,258.67485686041147,-73.43110213071996,-18.381328318075198,277.36233589952155,12.066227071442583,-11.591864232033492,209.7824697729363,1.3222800131030223,183.63614259161224
186,7488.3125,7488.3125,186.55949309433336,10.733353225355323,0.1756710924252345,284.5371386287879,352.3958292310606,0.01652484261683542,67.85869060227273,289.64837964438965,0.09634302037504404,2.272118123168138,2.272118123168138,8.69131500833849,937.4308819848502,245.75275197323546,-91.18420569396731,68.31583135031117,284.5371386287879,26.452528166268937,-57.45665990989772,214.40615618086244,1.3271705616116678,184.72155224456262
187,7537.256880733945,7537.256880733945,187.519700567999,11.340234487823407,0.18124624160911876,277.1800377054953,343.52619549374475,0.016159454589015257,66.3464833478825,279.95953848777157,0.09762041721050753,2.362917244097022,2.362917244097022,8.450656924513094,886.7798644580434,248.59505443007683,-59.93315519390677,71.62093684243972,277.1800377054953,10.777766662033638,-49.108944850263185,213.52672827882046,1.3058174219666787,185.45717757774628
188,7604.459459459459,7604.459459459459,188.35029745063267,11.67124238412493,0.17951005568373335,280.00527362899265,351.2155567764128,0.015641853439818932,71.26604648894349,264.3180426282711,0.09926300268662719,2.3861987351227456,2.3861987351227456,8.253463759827758,837.2935297069231,242.37172766940867,-25.7206501886843,54.74004561201634,280.00527362899265,-4.402812805400491,-33.579753091179356,208.18364254775088,1.3530708706207812,186.36088442998127
189,7692.460176991151,7692.460176991151,189.57143316343024,9.053150885148211,0.14983849601148813,288.9947311248403,362.24018064552644,0.01713376088002161,73.2375214447945,246.55993308165804,0.10207392979779704,2.474721529804121,2.474721529804121,7.637038898833088,733.1448845370468,237.6242488409849,-43.468872869045825,-4.9918732099821925,288.9947311248403,6.386007452184411,-12.658697502881672,206.3337750726626,1.4007153881327061,187.78670295835593
190,7776.603448275862,7776.603448275862,190.42339392086052,7.893637382417644,0.14233220864583088,287.2606602242872,358.31463781310646,0.018224767415948803,71.05397758881922,244.0017217686418,0.1037162384843063,2.522000828111576,2.522000828111576,7.3463606061403315,683.0195089522782,234.45386028763124,-57.33040664362075,7.484954225281597,287.2606602242872,16.989755992637708,-23.827410195691296,211.5556841582307,1.3581200249747913,188.56550294837177
191,7902.510416666667,7902.510416666667,191.73685857561466,6.384455137359382,0.09341017623457105,282.47700066627584,353.31206258562185,0.014906933073125704,70.83658410395246,240.7829548281745,0.10620914304170587,2.544901845691576,2.544901845691576,6.074075959994791,538.7985547556365,225.88738609696475,1.889081059800042,0.09122330293096849,282.47700066627584,-17.5850441238855,-14.585770973181182,235.6338600524323,1.2028966406489159,189.6630048885122
192,7947.510948905109,7947.510948905109,192.42195103320105,6.856576241591816,0.09223875835234084,273.59993906853725,346.2579436304073,0.013520511862046653,72.65670552241919,236.31081349943284,0.10713037364830452,2.61147561906017,2.61147561906017,6.147800298577906,536.5869738420655,227.79320375092811,1.2840664091096565,10.158706116069327,273.59993906853725,-11.803585239334897,-23.776002828032105,231.5133879387816,1.1824674087244569,190.04189262976288
193,8071.043010752688,8071.043010752688,193.33394064509383,6.982801770617099,0.08605574615821923,277.11253945356793,354.4736429217986,0.012278688415578245,77.3611034682307,223.67042039567622,0.1095807156334633,2.6021795082811523,2.6021795082811523,5.991848615355909,499.95566332703567,216.75575439866103,-2.955788540560695,17.881567361354634,277.11253945356793,-7.634694141374389,-35.71623307584555,227.1347879549638,1.2195139781755207,191.02539289462732
194,8164.7,8164.7,194.68168502056267,6.013903598197424,0.06489955567525932,259.09408844848485,309.467544930303,0.010768052302135973,50.37345648181818,224.37991762782096,0.11137472186835483,2.7497499864250172,2.7497499864250172,5.383075939995033,434.0205320421416,221.68676155326335,-23.334801834717464,-0.030306293238746354,259.09408844848485,9.035681409670454,-5.2648887090251515,244.085901947928,1.0618414702942875,191.70319419786276
195,8219.613636363636,8219.613636363636,195.45342356807623,7.825530809722914,0.06189353234140116,250.2803973946281,284.4377125020661,0.008130373789589843,34.23364788429752,221.07521776081776,0.11244627718931915,2.7031261701659703,2.7031261701659703,6.503185805488974,512.7065081175643,214.46552714561702,-5.478084392304627,3.401016558111417,250.2803973946281,-1.4031060741342978,-0.22984214186776866,224.15547185926292,1.137639632434275,192.08176747249038
196,8297.105263157895,8297.105263157895,196.37528858995208,10.152558819335818,0.07342546625862048,244.36068288516745,266.89014618899523,0.007478417840660452,22.55733649521531,203.88342629211556,0.11418864998410927,1.9645153948322103,1.9645153948322103,9.251693775481852,702.2309269875828,155.1349817611927,-37.42534494726375,5.193862745501644,244.36068288516745,1.9812771669976077,-4.176376341141866,180.39199869738036,1.4657663093695235,192.65435977400912
197,8382.293333333333,8382.293333333333,197.50995759587556,10.318789956448777,0.06105834562075629,235.50881403151516,252.27014386545454,0.005902192627307237,16.824635143030303,193.61253117108942,0.11619577238021866,1.7554970729541208,1.7554970729541208,9.738051379210896,712.8964414961289,134.74353648267433,-61.95694453740996,-1.0760649376266975,235.50881403151516,11.194233274894545,-3.375153710892848,171.47819579051819,1.518421675776807,193.29207632240556
198,8549.75,8549.75,198.57219983661955,12.700453841268006,0.11888426856536412,246.4060752405303,267.89325954261363,0.009096751286095507,21.583352010416665,166.54119857113832,0.12119479939744697,0.9958129821315073,0.9958129821315073,11.181602915828941,754.028919608273,79.30018898406558,-68.73203309065867,24.597363989315294,246.4060752405303,9.860702704839015,-12.006574842134563,142.79880772842037,2.0113901044806566,194.57209852710966
199,8720.756880733945,8720.756880733945,199.53403288917966,14.09658972485797,0.16175958301193716,256.1728284883236,280.2979239086739,0.01220368442410989,24.151093099249373,142.28007116659668,0.12650010787395735,0.5835183074455884,0.5835183074455884,12.308093948411795,778.2563200301939,47.02885385632458,-81.46588369099278,21.445696829130675,256.1728284883236,7.786720054564303,-11.149497231980067,116.62966759274471,2.373763066128645,195.78630996604457
