bins,Time,lon,pdens,adens,pvel,avel,Ahe,vap,B,radius,BrR2,mag,edens,ed,Br,Bt,Bn,vr,vt,vn,vA,MA
50,,,,,,,,,,,,,,,,,,,,,,
51,,,,,,,,,,,,,,,,,,,,,,
52,,,,,,,,,,,,,,,,,,,,,,
53,,,,,,,,,,,,,,,,,,,,,,
54,,,,,,,,,,,,,,,,,,,,,,
55,,,,,,,,,,,,,,,,,,,,,,
56,,,,,,,,,,,,,,,,,,,,,,
57,2022-02-23 14:42:57.747549184,57.44561117120514,4.953379314208008,0.044553556459555665,306.3339854420677,430.1935659225713,0.009794298686349179,123.9420008423574,147.8239842181471,0.13115866838912896,-2.256308199598934,-2.256308199598934,5.527734131719307,322.93954198494845,-131.84056790186833,5.277079616332883,-10.502890595091774,306.3339854420677,-48.93811568389205,-8.01668232323497,187.29447114496543,1.646363138423379
58,2022-02-23 21:12:24.020057344,58.467796500434666,5.696431798733912,0.0764232674887572,298.6826001107059,418.42613099765566,0.014388709005534975,119.74353088694973,172.48182906565907,0.11954112486218281,-2.1765038516135484,-2.1765038516135484,6.102278975555786,427.6769873724906,-152.64596908986587,12.02981373916082,-14.155621717645191,298.6826001107059,-39.253908520044675,-15.881007653916646,189.090835292249,1.5820957390381003
59,2022-02-24 00:36:21.753968128,59.49099888225947,6.9161547059001895,0.10629586495321444,303.71658574428557,407.01226707752346,0.01626390585604751,103.29124017558993,192.26587299640084,0.11341835958579026,-2.1524181948140733,-2.1524181948140733,6.954592658676461,541.2543053093923,-167.4878199101442,20.26964490142409,-6.277543715855419,303.71658574428557,-33.53098759147983,-8.715837571982,188.0325585258801,1.6251002421436604
60,2022-02-24 03:04:52.000000000,60.48409509901036,9.088724185719867,0.09576339000600914,327.66351048354164,411.23434181277054,0.011397907684344701,83.63331648319448,178.45156449305867,0.10896088714700376,-1.4621370586377263,-1.4621370586377263,8.4362022380005,711.0984891449617,-122.91883887225023,4.269072268109861,-35.10362606909343,327.66351048354164,-54.20591954413645,-25.579016584750125,152.06215806750694,2.166872033454958
61,2022-02-24 05:06:28.463414528,61.47281227932016,6.6169613166821035,0.07995876300344058,317.7211047649403,460.6646445030883,0.013093502684496225,142.9534458467955,205.9967479701697,0.10531969750437825,-1.9720816069396745,-1.9720816069396745,7.242762380029183,652.6338228550022,-177.84649049123433,43.10678475768547,-34.646519907000595,317.7211047649403,-41.00139295339589,-16.655876498428686,183.07218112990282,1.7399665355474292
62,2022-02-24 06:53:49.000000000,62.49199800053406,7.756920638747645,0.0961824850722951,323.55946734408604,442.26858129884096,0.013690468390494407,118.74903232956291,227.55207533126298,0.10211884038142208,-1.7616676599506385,-1.7616676599506385,7.579647744539742,725.9037187431217,-169.23949234880877,15.514118186207954,-78.37706260486148,323.55946734408604,-49.00821345783089,-25.434927384455662,193.856866354893,1.7083778976477098
63,2022-02-24 08:26:36.000000000,63.493122813842604,10.04245770435395,0.09021039376716801,243.55286444711084,337.9141882494197,0.00933526101297982,94.3613238023088,243.00806158688235,0.09936695912711815,-2.2724958138412683,-2.2724958138412683,8.538062628072218,866.5351093840359,-230.26902163701965,28.41575683843445,-31.199250510458906,243.55286444711084,-18.108109169963804,-3.5632714633244547,189.00420016925293,1.285953414419787
64,2022-02-24 09:48:24.446428672,64.47603254339792,15.71850946701902,0.11945138008397256,254.84563784380796,307.89983443877554,0.007815350786572679,53.08747680523346,231.8647753180555,0.09695592239962493,-1.6723044310166926,-1.6723044310166926,12.148044951230071,1292.5443480191636,-177.81746541220764,-7.291221568132167,-39.47434372786381,254.84563784380796,-28.330577086220938,-14.848921222346648,146.18223684172423,1.7457753533167584
65,2022-02-24 11:05:20.716814336,65.49231328806515,14.753195759927591,0.11665761729234064,251.94479657453167,301.97621816189707,0.008146599773504128,50.03699497433245,247.9442675536715,0.09470485892742199,-1.6942330703098925,-1.6942330703098925,12.64542563114505,1410.6425743585633,-188.7541016252186,58.631862516474165,-60.5942689602932,251.94479657453167,0.2133796766739645,-20.80340831166707,149.58873445643238,1.6843220388796478
66,2022-02-24 12:14:55.000000000,66.49305976610377,16.176625108108663,0.11812403528240012,261.08217738157083,336.03366421892395,0.007316863992861151,74.97190195670996,244.9941014372973,0.09268597652544237,-1.8387725781547675,-1.8387725781547675,12.319654493429283,1433.801202108223,-214.23806814252674,-10.301089741002604,4.732563639468469,261.08217738157083,-24.919298067256182,6.311876556128303,146.62037354404492,1.7825349654628597
67,2022-02-24 13:18:54.958763008,67.48631780854984,12.957107298964722,0.10513746413124632,275.9192218257687,365.9505545595126,0.008716651451432456,90.03133273374391,263.98765010569906,0.09084522985956488,-1.8661066298126134,-1.8661066298126134,11.678380105511911,1415.3045251854935,-225.97948959843617,40.65824970336636,7.720532117569427,275.9192218257687,-12.355919686113909,2.961064662880439,159.00116740865184,1.7361838817798212
68,2022-02-24 14:19:54.933333504,68.50138367096574,12.21303230799756,0.10801017582255208,309.6380243903319,401.36203055747956,0.009571895865091364,91.72400616714768,268.1792034544475,0.08910771052757623,-1.4479269558812866,-1.4479269558812866,11.75594517560862,1480.7711814655065,-182.19599206186652,-15.904891674713543,96.27369505871363,309.6380243903319,-42.867560730087376,38.86637956156323,157.91215374430342,1.9625840682360982
69,2022-02-24 15:15:44.000000000,69.49165261804048,12.64446984026881,0.11222490012208437,291.14797665871737,404.79187963463227,0.009238798777855757,113.64390297591494,282.7823798272849,0.08753427970599187,-1.8306287403492372,-1.8306287403492372,11.280240688005033,1471.9525112589852,-238.89969589671807,-6.467281322917057,27.88127048263932,291.14797665871737,-33.61416047186149,5.310685443390121,167.03568287059244,1.7457893909830537
70,2022-02-24 16:09:07.493827072,70.49631329835867,10.459491710460563,0.07249244706887545,265.8060266268505,354.06462972689866,0.007069783522041476,88.25860310004809,324.7275097361358,0.08604578083961717,-2.165677732594689,-2.165677732594689,10.01123888924673,1351.2618785211619,-292.6172713741001,30.83896990107371,23.267126480091253,265.8060266268505,-11.2041061341834,9.6218494723239,200.67797820048156,1.3343484943918047
71,2022-02-24 16:59:17.000000000,71.49336287043315,9.83008088885546,0.055993915626750775,235.00225615646258,304.0889784893461,0.005758425819306693,69.08672233288357,348.1768954555982,0.08466376435830046,-2.3407508386621627,-2.3407508386621627,9.175907432416476,1280.072093339723,-326.54756465772647,49.941435464744586,-7.7176254654107135,235.00225615646258,4.648930014891437,1.1915483605613648,220.50469852061158,1.0665819479008516
72,2022-02-24 17:47:06.000000000,72.49389255542802,10.929372803737385,0.1013190923934331,212.20082705042705,254.13695543026793,0.009036862086800114,42.3635727024102,359.8762973572242,0.08336256424895025,-2.3412257744644145,-2.3412257744644145,9.495500196343952,1365.950618408049,-336.93863779373106,-51.50193325300507,50.68639947804972,212.20082705042705,-30.65626636108107,30.417002030485843,221.9383104226024,0.9590416319835219
73,2022-02-24 18:32:32.362318848,73.4914233765821,10.655703823722536,0.12175021488209999,193.99490686931426,230.28695721594832,0.011523089033726045,36.31997598563272,374.8391876115651,0.08214213158045944,-2.429622285595913,-2.429622285595913,9.41373802806828,1395.3918956177208,-360.0428652041946,22.24188913427858,-32.55954816051354,193.99490686931426,2.3988829091297617,-2.0509527995094374,227.39625303365705,0.8532329671183898
74,2022-02-24 19:16:05.000000000,74.4916068185693,9.819257312830523,0.10509815760668612,215.3700644171997,267.05652767719846,0.010725251037748828,51.6864632599987,386.0241584746985,0.0809885976359784,-2.294220407435355,-2.294220407435355,8.86970380204933,1351.6950246072724,-349.8095018695331,44.31947401587104,-31.596002016171063,215.3700644171997,10.266798389159398,-3.037101977786134,238.15331242760607,0.9029342197930255
75,2022-02-24 19:57:53.000000000,75.49367563286191,9.186262982738542,0.09325725508835887,231.41680932933733,314.9178487369298,0.010563645187968132,83.5010394075924,392.0426103896393,0.07989720892192845,-2.3462287617636863,-2.3462287617636863,8.295879452581122,1299.7404146887902,-367.4184637303487,13.615128314326876,3.6320593184785377,231.41680932933733,-11.70784966699567,-5.815758685978022,246.41803628522507,0.9397330921033503
76,2022-02-24 20:38:25.000000000,76.5056300405722,9.282902883200096,0.09806268368937242,253.1625931977858,345.61958817791503,0.011026403760362185,92.45699498012917,395.73375686730145,0.07885485730786858,-2.165723623867226,-2.165723623867226,8.487482130006917,1365.0502590730352,-348.2220561967191,22.146712683885895,-19.58227712580173,253.1625931977858,-16.955364238445853,-12.637660236279718,242.66457347347668,1.0429485719672782
77,2022-02-24 21:16:43.999999744,77.49980748620182,9.11636316133919,0.09089781751571802,265.4171262983406,365.09254488383834,0.010568274708657293,99.67541858549784,393.49944871433235,0.07788510834318836,-2.1707374025865325,-2.1707374025865325,8.407711762512136,1385.9945841617507,-357.8554157130257,24.175156541826638,3.480699768917497,265.4171262983406,-25.009634069594156,1.117171977664936,239.47712047753237,1.108653929667157
78,2022-02-24 21:53:47.000000000,78.49644645079555,9.17295295017623,0.09152833910399706,286.98692943874835,401.53713116541354,0.01076934630306456,114.55020172666514,392.92347451019754,0.07696268643016155,-2.1053025578997997,-2.1053025578997997,8.628661343546613,1456.893306845986,-355.3854490371202,27.50142220192341,2.645211022986335,286.98692943874835,-29.563064468823043,0.7032051585753778,233.25399471189505,1.2310437515354458
79,2022-02-24 22:29:03.600000000,79.47839059184852,8.262544560327095,0.10376007732531725,306.8146916774892,430.13163843679655,0.013441512525710315,123.31694675930736,401.42929275861405,0.07609929770194288,-2.122579133962822,-2.122579133962822,9.000918839106129,1554.3224472473855,-366.4860895698678,97.8267453357556,-11.620961937271085,306.8146916774892,-4.28792511423329,-15.302134949186753,230.7303918260988,1.3312043593873792
80,2022-02-24 23:05:40.000000000,80.53196645941581,9.0773233240261,0.10230176391780306,328.90219841904764,446.69033985757574,0.011763097160151665,117.78814143852814,412.1014474754369,0.07521955971215456,-2.020282545610785,-2.020282545610785,9.051160098446823,1599.6376948104985,-357.15631461056614,56.57886150564897,-77.92502953052809,328.90219841904764,-18.602848699854587,-45.93151106863797,233.52440170397193,1.410561195628616
81,2022-02-24 23:37:10.306122240,81.46763354584895,8.640345110452099,0.08665046430719278,330.83326097711813,485.0027840379009,0.01055513554957006,154.16952306078275,427.5199083497198,0.07447652461870803,-2.2065107424732564,-2.2065107424732564,8.127368545755278,1465.1588052833756,-397.7473236337527,14.216621915488034,-38.33654153389006,330.83326097711813,-35.904009695161676,-25.989265507702534,253.0783900555762,1.307195067026322
82,2022-02-25 00:11:27.249999872,82.51640003098102,7.964262287051277,0.08698388166751114,363.6063472145563,528.6054044521104,0.012783613541606046,164.99905723755413,436.5855979637565,0.07368344270408449,-1.9230817587102338,-1.9230817587102338,7.705675115120081,1419.165766126259,-354.2908909737711,-35.473849036259686,-45.10679050924835,363.6063472145563,-70.79735706707892,-27.49599309809614,262.65336218361665,1.3842577485861165
83,2022-02-25 00:42:47.300000000,83.50339096322361,7.314857724119278,0.0803670380585358,355.96002303354976,525.6772550481602,0.012009613647912547,169.71723201461037,438.6898582555893,0.07297346317968248,-1.9849862821157256,-1.9849862821157256,7.584022253820159,1424.236341130662,-372.6938720250688,10.516914042659732,28.19083154192137,355.96002303354976,-50.45007357922911,11.006975770858766,263.43722285149323,1.3514171740905492
84,2022-02-25 01:13:36.000000000,84.50044995827096,8.202302518836118,0.08194149693792081,354.3643117122114,515.9074240133477,0.010429403291421176,161.54311230113635,446.30035530765537,0.07228978149013615,-2.0070843033888544,-2.0070843033888544,7.494824196185998,1434.0711149831247,-384.230264904003,-19.635141700035636,-31.28112330720869,354.3643117122114,-68.85462728465774,-26.966253838156884,267.1375829338071,1.3299582723475758
85,2022-02-25 01:43:31.913043456,85.4945482750135,6.714424188389004,0.07368147322753202,332.9089839516281,487.86428322557873,0.011629853195671695,154.9552992739507,477.6556012293131,0.0716400357069379,-2.314476945256618,-2.314476945256618,6.84700265161925,1334.071873103665,-450.97363903796656,66.15429624476172,-21.07970563169604,332.9089839516281,-30.310649807402314,-20.12654814308738,296.6355613823738,1.1234808405456627
86,2022-02-25 02:15:02.487179520,86.56825953410308,6.016022370871543,0.08046931696186843,346.6665426523477,518.7432248945499,0.013980299554748301,172.07668224220225,493.71252893459666,0.07097193329685128,-2.3888358036668516,-2.3888358036668516,6.1335125511607265,1217.3289949241428,-474.30755647949115,19.64270291402267,4.4557371248495645,346.6665426523477,-43.29108770357259,-0.4619608383627481,321.55996190472433,1.07972960781335
87,2022-02-25 02:41:26.953488384,87.4900993230611,6.342088180020432,0.0806616258760298,347.77878053709856,540.4690952330615,0.014356000718445096,192.69031469596294,498.17913038062056,0.07042534140892015,-2.3060585774011413,-2.3060585774011413,6.162759318624862,1242.7157370742748,-464.8700685049591,21.594345489814167,-40.497164945434115,347.77878053709856,-46.39633793977046,-24.380613277633344,320.3012682571626,1.086214362966916
88,2022-02-25 03:09:30.000000000,88.49090904189035,6.908717938559261,0.07235083136307491,340.28283092873926,516.7710663710443,0.010816728124988293,176.488235442305,495.0234595688296,0.06985837547480067,-2.2471129857485646,-2.2471129857485646,6.335858485334348,1298.232756150495,-460.3643973154291,-18.851917553951633,-23.576286559595243,340.28283092873926,-73.60302816786,-12.13839474510318,311.28229972443927,1.093197920146851
89,2022-02-25 03:36:39.829268224,89.48150905456025,6.778286283353526,0.0739755032365974,361.20280655105057,529.1509411999789,0.011447355677922709,167.94813464892832,496.76234351344453,0.06932322686744713,-2.1577688614420216,-2.1577688614420216,6.341375227127879,1319.5871301055186,-449.0235138472851,-24.727412446504463,-51.66265238785495,361.20280655105057,-73.91125492325732,-28.431963807594755,309.8563560239766,1.1665114594180974
90,2022-02-25 04:03:58.000000000,90.49830579170828,6.267364823701153,0.06165930635179217,332.9219675097918,472.29421134199134,0.009916656358986729,139.37224383219956,514.2901725661324,0.0687996429022611,-2.3271774032640384,-2.3271774032640384,6.447774659490668,1362.2830963683093,-491.70079161307115,94.51788885774091,-54.094973095920146,332.9219675097918,-20.094215014309142,-32.56565622720501,315.7140506549301,1.055037079514168
91,2022-02-25 04:29:56.000000000,91.48495871343496,6.915294634513559,0.06381061604482272,311.9371959231602,425.9926397640693,0.00934244405243213,114.05544384090908,535.9649239331108,0.068315413733607,-2.364582880591121,-2.364582880591121,6.639879127772916,1422.7299776582765,-506.65034884212844,68.06861821368635,-70.70934776410043,311.9371959231602,-22.680575497894427,-29.81336430901515,321.9355829957857,0.9691335275960199
92,2022-02-25 04:56:24.000000000,92.51024769786709,5.855297748625326,0.0546394252379753,301.7839353651173,398.94638579346093,0.009743089819653276,97.16245042834358,554.4162408831638,0.06783615120028749,-2.3989364147777508,-2.3989364147777508,6.491035652667477,1410.477437251687,-521.3243532123028,163.8001974091986,1.612984568714841,301.7839353651173,7.646072546406926,-0.5659521676025291,334.51746084090047,0.9023295750428851
93,2022-02-25 05:21:14.000000000,93.49024405736107,6.561083413971595,0.057117292674749534,293.0599312808441,403.3643999036796,0.00876675005456498,110.3044686228355,557.3804394142498,0.06740001950827697,-2.430851496409776,-2.430851496409776,6.32212052083141,1391.707107438849,-535.1358267623995,105.7214235390204,-42.78582286880727,293.0599312808441,-15.643164819063148,-10.907263684075216,338.48792542336605,0.8659955530383987
94,2022-02-25 05:46:17.000000000,94.49613495724654,6.6823293614592245,0.06466370830515021,281.3485861016177,398.11918561631353,0.009889273353175855,116.77059951469583,566.4937873445199,0.0669736756896933,-2.43155763865751,-2.43155763865751,6.362217576511372,1418.4662679329622,-542.0937594390564,26.234212154963217,15.561094630884611,281.3485861016177,-27.60647166173935,11.369784143561176,340.8120685983945,0.8258846500212333
95,2022-02-25 06:10:58.055555584,95.5041982879267,6.296989175870834,0.060588808853620356,279.2568069480519,409.0684800583213,0.00997892496765082,129.81167311026937,566.8952567246639,0.06656730077278836,-2.4183496557569373,-2.4183496557569373,6.283555782947922,1417.984919793356,-545.8018077441329,36.32917623359758,47.125396067365244,279.2568069480519,-20.68183308023208,29.564193006338982,341.09151971064716,0.8193580110090255
96,2022-02-25 06:34:42.000000000,96.48912189498097,6.584397508945411,0.07135918322735922,288.241381891661,402.0790940333789,0.01091521648183405,113.83771214171793,573.947442605055,0.06618988912217137,-2.443396526710394,-2.443396526710394,6.1096927106676375,1394.5643888198626,-557.6881693549126,32.89912943608058,13.340566831051726,288.241381891661,-24.69753720268626,8.340192017713033,348.2740409709344,0.8283473399576636
97,2022-02-25 06:58:23.833333248,97.48756628235789,6.673780396992864,0.07792521090458981,306.6477400348725,428.4945766227754,0.012117003743885683,121.84683658790284,570.8220167542578,0.06582630233548213,-2.3351897000344297,-2.3351897000344297,6.671661452291813,1539.9846751822572,-538.8950935528648,52.93098877221948,-31.361103975218295,306.6477400348725,-17.48706287933586,-22.143728656334776,330.15463791993614,0.9329047283309373
98,2022-02-25 07:21:21.333333248,98.46907593114109,6.04334320857292,0.08986115007917769,349.9991446248196,491.57896270129874,0.01831580897899609,141.57981807647909,562.2287171193608,0.06548703542889175,-2.0961150348367457,-2.0961150348367457,7.347813308732031,1713.4748158429163,-488.74875945419353,111.3843012643795,-63.1574992938215,349.9991446248196,-2.6638984616803763,-49.0632394664798,307.7705446365422,1.1377068393083638
99,2022-02-25 07:45:21.451612928,99.50962576276635,6.773530666616469,0.1085265690985469,352.1674698156682,499.2926499392543,0.020365063296723548,147.1251801235861,561.6906487501527,0.06514621087543654,-2.1211864617202707,-2.1211864617202707,7.600228073049098,1790.8280390493455,-499.7912640897551,50.21188822648814,2.348068772183436,352.1674698156682,-29.334561606059907,-7.620315968955802,300.7231698776622,1.1711789651589144
100,2022-02-25 08:08:03.742857216,100.50745864812909,7.790069261937905,0.10749047407999555,326.99594138713667,443.5790924100186,0.01469809612228997,116.58315102288186,578.6932255954137,0.06483735090842262,-2.2776081095621064,-2.2776081095621064,7.324146439356568,1741.9696893514365,-541.8553985871181,-23.6231891096197,-27.947389840323414,326.99594138713667,-39.62220419773061,-18.08226022808553,314.8851678886798,1.0466380432923001
101,2022-02-25 08:30:17.000000000,101.49630041928928,8.191054602654724,0.10340431924408308,299.8470325380334,407.91621158874455,0.012653023280789766,108.06917905071118,599.9826635885609,0.06454793293709067,-2.296793456521508,-2.296793456521508,6.856150593456958,1645.4259113130536,-551.2332964765891,-166.64058644527034,-42.633780219974476,299.8470325380334,-91.35379572595919,-14.511719391345084,335.279239178202,0.8955164681209746
102,2022-02-25 08:52:27.000000000,102.49456224345515,6.971577572836665,0.09342838686419357,286.39616147804577,388.93609776376,0.013531899682292662,102.53993628571429,616.036401655628,0.06427220380754606,-2.403129896668581,-2.403129896668581,6.641090313340403,1607.618763656633,-581.7684853767003,36.2023886910219,-64.21959849041194,286.39616147804577,-11.661216599904764,-28.371705468497215,348.24814180389393,0.8228126148555561
103,2022-02-25 09:14:37.000000000,103.50431508525907,7.017419012391922,0.09439942589305392,306.35703621892395,410.71372302906616,0.013691748711327383,104.35668681014224,606.4476171328721,0.06400966644633128,-2.33435721666427,-2.33435721666427,7.191641991762116,1755.4535358310618,-569.7086446686884,37.16176132260595,123.6837583921733,306.35703621892395,-18.943852946866418,56.01305184058998,329.01016858885333,0.937745145711067
104,2022-02-25 09:36:16.124999936,104.5012593099267,7.005824720962431,0.10773349528650202,297.0379382528409,392.0382134828193,0.015667384953551487,95.00027522997836,600.3138408091551,0.06376618124870391,-2.3238768161569348,-2.3238768161569348,7.789804863545847,1915.582056394764,-571.5289503468935,133.715919161045,27.02256493329266,297.0379382528409,13.801690654251217,4.5099075544263405,311.6375060807238,0.9575371701987193
105,2022-02-25 09:57:41.000000000,105.49726075209092,7.218799288015499,0.11117284366938121,284.82037466810965,372.6449871638462,0.015406094239381673,87.82461249573659,608.1823466474592,0.06353812168272897,-2.349121575134645,-2.349121575134645,7.589546296166373,1879.8222482218666,-581.895736036325,160.30204205393824,-11.530133064935075,284.82037466810965,23.838440033892166,-9.446172251575364,318.2296368555595,0.8965634579908692
106,2022-02-25 10:18:54.000000000,106.49362991953006,7.900412513848551,0.11954449224450343,268.7249100477464,339.8533099694423,0.015024693222995116,71.12839992169594,628.4966492892596,0.06332500646849436,-2.4162656624079926,-2.4162656624079926,7.717368724442617,1924.2675280374863,-602.5680931906322,141.8785734862106,-47.20743558385084,268.7249100477464,27.036196539676595,-12.138853767344155,326.11620689789396,0.8267668343635821
107,2022-02-25 10:40:07.000000000,107.4989727207309,10.552814651647491,0.1971863361574056,229.66558453036862,284.4213474163715,0.01741613865537245,54.755762886002884,623.1563802663871,0.06312470578066633,-2.439750704344044,-2.439750704344044,8.667699355599003,2175.790638603133,-612.2618553751487,14.747560881065336,-6.457945664926187,229.66558453036862,-8.534030645991932,4.019184369796012,310.32109310577914,0.7468413025605745
108,2022-02-25 11:01:01.000000000,108.49771958937603,11.236663346893573,0.1494105530129859,221.21149596090777,254.7061794083694,0.01219532478170424,34.02731240325331,632.7889576818212,0.06294018558924948,-2.421299133535414,-2.421299133535414,9.013686149953603,2275.6578776303113,-611.209242388153,98.17384345062385,0.7000420659910792,221.21149596090777,12.257291483627835,2.6759378920962877,315.36246151726493,0.7251921013217029
109,2022-02-25 11:21:55.000000000,109.50444134523624,11.570522808118039,0.24187918422693244,272.16949820346326,362.6477597947003,0.021331639942121273,90.48166872622328,600.891833099502,0.0627684843195346,-2.1153408515503638,-2.1153408515503638,9.676046930212674,2455.6903625823966,-536.8764578227107,-10.799591911996554,-18.024312271108663,272.16949820346326,-27.45615211819172,-7.3042431199901605,275.6273989346892,0.9889472917896205
110,2022-02-25 11:42:30.000000000,110.50317375989228,10.210261305438422,0.25361757128609996,277.2947796360931,376.3299960781926,0.02609683312099972,99.03521644209957,587.0523659118684,0.06261202892374856,-2.143969639958428,-2.143969639958428,9.378522535047509,2392.3719832305537,-546.853122771452,52.830363228874006,3.580122859565271,277.2947796360931,-5.538051894129194,-3.4918843817238905,271.9812012949566,1.0205852721643836
111,2022-02-25 12:02:46.000000000,111.49321386632614,11.217249694458218,0.25661515131778145,267.92593464623917,336.6519221232413,0.0230597580668513,68.72598747700216,606.848888880608,0.062470434194720266,-2.2355852447167126,-2.2355852447167126,9.234387656226769,2366.142197912603,-572.90293252047,-58.08446757398421,-54.732389312259905,267.92593464623917,-32.52302884051055,-20.572972413532128,282.8653576072058,0.9517715890493531
112,2022-02-25 12:23:02.000000000,112.48949465957045,12.099760723686984,0.16591864622477517,266.5300976332522,311.5498405384199,0.014337631654734395,45.050376655167746,555.1873520825527,0.062341279133348006,-1.7771099408395614,-1.7771099408395614,10.095153551004763,2598.0558960205244,-457.02090477140854,73.97854050766061,-31.819385062145813,266.5300976332522,10.451530046401516,-21.798501536893532,255.87162947064022,1.3039990130273227
113,2022-02-25 12:43:18.000000000,113.4915949483804,8.601270609274097,0.1573706502716826,279.43974550257036,391.43727675189393,0.018934840667425134,111.9975312493236,612.8953836935617,0.06222467941702882,2.3149886013251293,2.3149886013251293,7.1135042981905965,1836.9331834977802,597.954572065104,-31.25971913595571,28.127629319016034,279.43974550257036,8.653844150268533,3.0925089513421806,331.6510593274407,0.9558566412387909
114,2022-02-25 13:03:34.000000000,114.49894415883959,7.113914941833675,0.12219995593069276,248.94625208536254,340.0666022774621,0.017169371365934275,91.12035019209956,672.8965282486525,0.06212072821888759,2.5568521881763293,2.5568521881763293,5.647987163606028,1463.5856897979088,662.5722166844915,56.121054511081,44.35360810650832,248.94625208536254,-18.39811237227584,-13.176672735630412,398.5192675222108,0.6248124103651697
115,2022-02-25 13:23:31.000000000,115.49519366918288,5.479259448785937,0.08478190687230648,249.12231395615137,341.17310616883117,0.015540005392604927,92.0507922126798,668.195343426179,0.06203080998691935,2.547302418256825,2.547302418256825,4.863900813464384,1263.9833224980714,662.0093261358585,-23.900785704255583,-20.60278578425682,249.12231395615137,18.008134746069683,20.35893918703607,427.03053007034794,0.5827587642292562
116,2022-02-25 13:43:28.000000000,116.49570204486825,4.885888622527628,0.06788389587123739,274.6030053733766,384.5940252773268,0.014123044047048765,109.99101990395022,674.4593384744265,0.06195337935442418,2.5391783057768813,2.5391783057768813,4.376879740029812,1140.3515957463214,661.548861786395,-20.378099933141666,30.98653432100558,274.6030053733766,3.835453709242018,-10.592245804021916,452.63983845545744,0.6067258183869475
117,2022-02-25 14:03:25.000000000,117.49994952305826,4.975642611012605,0.0719617014069268,289.1388935030024,419.85468144812177,0.014572934510471489,130.7157879451194,662.9805714570139,0.0618883651556587,2.46810876372179,2.46810876372179,4.445274600398086,1160.593559094335,644.3852796515181,41.175316439196514,44.53588864484742,289.1388935030024,-29.2538942751844,-19.912513563501328,440.9118713526968,0.6563789992526934
118,2022-02-25 14:23:03.000000000,118.49147568792974,5.214298924608907,0.08123288277219289,322.8037891474654,466.71214441907557,0.015612754457372388,143.9083552716101,653.7744188785119,0.06183666007342311,2.4377557481917065,2.4377557481917065,4.451966341166068,1164.2869828815137,637.5278329521456,95.42456717115991,13.4412887964075,322.8037891474654,-65.04169161758483,1.6810182434743746,434.08836395606835,0.7438726413016015
119,2022-02-25 14:43:00.000000000,119.50176003827414,4.9928700718403185,0.07951454389671775,335.12133389745674,474.47067116950757,0.015934539868885822,139.34933727205086,659.9909399680669,0.06179663726411135,2.456482714487239,2.456482714487239,4.315330220370121,1130.0107426661516,643.2576203517312,79.46150619881986,30.578770187136794,335.12133389745674,-57.4342179019839,-7.584037226969021,444.84897902443026,0.7535028091812923
120,2022-02-25 15:02:57.000000000,120.51431479171124,4.434396174028542,0.06817866260314326,335.68641243890517,481.7264913203463,0.01537242761771833,146.04007888144113,669.9723381578868,0.061769165748767785,2.4900809222442226,2.4900809222442226,4.265037937398925,1117.834272903555,652.6336033066499,18.681575509074385,20.155593259538787,335.68641243890517,-33.184145501352816,-7.85124972320528,454.48898381671285,0.7384794649260893
121,2022-02-25 15:22:35.000000000,121.51251637019516,3.748268334278229,0.05400316061584465,379.16777282292975,558.5080806193268,0.014802602530686436,179.34030779639713,663.4409369058427,0.061754505097918515,2.439771016820639,2.439771016820639,3.808406166361919,998.6334732834846,639.7515183311901,54.23853840190128,-36.074357796569586,379.16777282292975,-58.01362332607457,15.960317628836858,475.6807609834058,0.7974755606967507
122,2022-02-25 15:42:18.066666496,122.5163687197875,3.4012943892020866,0.04993019049699284,400.9096718939394,603.4330490721501,0.016599744469903747,202.52337717821067,660.009499427203,0.0617521293342705,2.318545186099951,2.318545186099951,3.7816580056814715,991.6964034812937,608.0111028831417,7.388665828198468,8.32725432476724,400.9096718939394,-42.57129433727804,-25.56837958625541,475.0133219345679,0.844137078447771
123,2022-02-25 16:02:27.592592384,123.54349696773835,3.2973394702129952,0.03935591529193984,424.49190643257975,606.7708994532628,0.019642761694449576,182.27899302068303,669.8767605032149,0.06176247932425914,2.21837932945136,2.21837932945136,3.6904893701275445,967.4621017332767,581.5549389191071,24.094365554113693,72.28886038599856,424.49190643257975,-51.8918137334135,-64.14586253215569,488.01735434750447,0.8707540125950465
124,2022-02-25 16:21:17.206896640,124.50307211335729,3.6073456441100626,0.0329694402868153,381.91925462083896,548.1333779534259,0.009331567468746783,166.21412333258698,670.8898077547259,0.061783790900860815,2.4376915980018086,2.4376915980018086,3.5740535170436467,936.2940385048958,638.5998676362666,74.41942488690405,27.35087578398408,381.91925462083896,-72.85129805763697,-20.25383900038797,496.91018368483,0.7694072239794523
125,2022-02-25 16:41:07.000000000,125.51350865378161,3.5603263910701295,0.021357032933634182,334.83779637620444,475.2110785379137,0.005991084897964477,140.37328216170926,684.6010609174184,0.061818384052751245,2.5740563118848736,2.5740563118848736,3.3177248796250374,868.1684742930381,673.5683015436763,61.95453344247582,27.783940106668553,334.83779637620444,-45.40973145877042,-21.560041013738722,526.6877657597629,0.6367660588698679
126,2022-02-25 17:00:45.000000000,126.51337207793296,3.6993693560423364,0.021778982296240132,373.5591339226365,525.3269372517805,0.00599613391902018,151.767803329144,677.6351329707061,0.06186491858440358,2.454356499050267,2.454356499050267,3.5510581253113243,927.8410131433639,641.2797747993703,113.49058079534764,12.681691761159025,373.5591339226365,-98.03165079883536,-15.118702932717916,504.2485713849796,0.7423285958129052
127,2022-02-25 17:20:23.000000000,127.51212931228707,3.297094886938695,0.019293167177538057,376.1683728787879,550.310769993716,0.006242977833682366,174.1423971149281,674.6763811852604,0.06192361721190537,2.3995411467772443,2.3995411467772443,3.4601178114556808,902.343913727453,625.771872357747,64.41612859793105,2.563795290034097,376.1683728787879,-81.01497309067868,-7.679953787572616,509.44123578630405,0.7404559007152381
128,2022-02-25 17:40:01.000000000,128.5093129439475,3.3527824560176915,0.02438295274298707,426.5503758553275,659.4888942424243,0.007707781202434968,232.93851838709676,658.4409847323616,0.061994430859431494,2.2247168321214033,2.2247168321214033,3.5884572259420886,933.6736206149418,578.8645645623621,46.774296202068356,84.23874922287222,426.5503758553275,-78.36489673416555,-70.957955198184,488.4404592122318,0.8752386845151863
129,2022-02-25 17:59:17.720000000,129.48649661613257,3.5439428596768554,0.02891076280515567,422.527363378355,646.6602609367966,0.00874574254682837,224.13289755844156,655.1972391103449,0.062075717631309424,2.301652898319544,2.301652898319544,3.826583510540963,993.0319556768713,597.2983498919541,23.641972574648733,58.547928655854946,422.527363378355,-62.48007683127532,-49.92896777879481,471.19268748025564,0.897392253951978
130,2022-02-25 18:19:33.285714176,130.5107129823854,3.9301029122578144,0.03572676986993313,425.99645128710574,632.334593961039,0.009488106340732475,206.3381426739332,658.2160451315052,0.062173531243033486,2.3772747744631637,2.3772747744631637,3.952930009870035,1022.6118900415703,614.9774110169235,76.82577810339667,51.65939336529768,425.99645128710574,-87.553071044564,-38.813058634172855,466.35866031706325,0.9142811209047045
131,2022-02-25 18:39:30.548387072,131.51655398475356,3.8867295191635725,0.03241777195098423,334.918842993297,492.4639106507471,0.008601904583975736,157.54506765745006,663.6611919677505,0.062282364650226775,2.477042307453369,2.477042307453369,3.862663444477966,995.7812173597374,638.5480697430671,0.28965268420978324,47.50959172221236,334.918842993297,-46.530844953563744,-37.102632859282224,476.5689105644886,0.7045913297951389
132,2022-02-25 18:59:11.000000000,132.5048423182666,3.534653829392704,0.03059740360667644,295.3609847912303,423.5068992403296,0.008911498789116254,128.14591444909928,669.7430405085183,0.062401574836515955,2.5539618329306686,2.5539618329306686,3.8705583652331166,993.9916547699734,655.884309977496,-77.6033160583855,10.598016699195004,295.3609847912303,4.9962702632835505,-15.793331087979682,481.2897475041108,0.6137383023804625
133,2022-02-25 19:19:00.032258048,133.49643282398944,4.157052460474634,0.03848459421402243,340.2551827915096,495.114495231113,0.009576130199329626,154.85931243960343,654.2015910659671,0.06253361252570402,2.4405481763464625,2.4405481763464625,4.269075306282164,1091.7180616074984,624.10605089485,-39.830678982427195,63.34532064142085,340.2551827915096,-25.90541779031265,-50.32676747223223,448.6927378089949,0.7592191852169016
134,2022-02-25 19:38:44.642857216,134.48001918988695,3.8663072368123808,0.039284304631295466,373.0549847224799,528.2274229854669,0.010625668806736084,155.17243826298701,644.0513197857405,0.06267689646534916,2.3926828212508933,2.3926828212508933,4.439061387348515,1129.9729802199852,609.0780970106044,-103.99745193912513,65.15856792620438,373.0549847224799,-4.832225781973563,-58.24891323843537,434.16897370377484,0.8600851413477246
135,2022-02-25 19:59:17.200000000,135.49842851424464,4.592022292748066,0.0449478578154954,381.3006864004329,528.321300436508,0.011754249091964245,147.02061403607505,643.036333671096,0.0628383585461779,2.4339249271949868,2.4339249271949868,4.3713279618053935,1107.0554354315443,616.3779970847785,31.59402401412436,-23.582275229739132,381.3006864004329,-74.65457063957575,13.029159054000864,437.8764913882056,0.8713681278756897
136,2022-02-25 20:19:37.000000000,136.50080871984073,4.622406958129049,0.04491015815594012,341.1537150741178,464.24786039813716,0.009733493210730521,123.09414532401942,657.3546995614809,0.06301042948756633,2.5826025718354098,2.5826025718354098,4.1954411091937835,1056.7143314295683,650.4775941751479,-9.683702022086067,27.453228507966084,341.1537150741178,-38.796260729091564,-20.45463860361931,458.1551642355112,0.744768023947776
137,2022-02-25 20:40:12.000000000,137.5097939429953,4.070208988087073,0.0374897222786587,324.06375012987013,439.2582385748106,0.00926600107760969,115.19448844494048,657.2695675584887,0.06319689891676532,2.56977961531523,2.56977961531523,4.043814685855423,1012.5523189804658,643.4282182590754,-77.13280142808955,42.08603825911135,324.06375012987013,-1.4901947023403679,-37.16807310463136,468.06416231637246,0.6925649254713478
138,2022-02-25 21:00:28.000000000,138.49698260255775,3.917002778325741,0.03212177686270008,315.25515059117964,438.34626952651513,0.008412791663848286,123.0911189353355,652.3938559030858,0.06339247209919116,2.552029090320194,2.552029090320194,3.8391063064305744,955.3721202687057,635.057799637441,-42.31158145481603,41.37680735313136,315.25515059117964,-27.851684745371685,-33.70796452755411,478.2826946364059,0.6593061196574586
139,2022-02-25 21:20:44.000000000,139.4775487625468,3.611713712946642,0.02406055553951657,312.14106622903137,443.1540641166126,0.0070360468971034,131.01299788758118,649.6028772243227,0.06359974646045712,2.521272721916373,2.521272721916373,3.633694303014653,898.3387576005462,623.3449735731638,-49.020018530333076,62.30410240686365,312.14106622903137,-32.18046241486134,-52.748398311402326,491.0249860629715,0.6358717689896676
140,2022-02-25 21:41:57.000000000,140.49655817301553,3.5779438915875805,0.021775374089309584,300.1314128118851,424.9088588724911,0.006312613978864457,124.79747661157026,646.6881428237427,0.06382911564241833,2.567923407145662,2.567923407145662,3.558433579145873,873.4312259210421,630.2873154692933,-52.41106448053127,5.6146423785020945,300.1314128118851,-31.23940796371986,-10.828611788300012,495.76830687346,0.6055227783471082
141,2022-02-25 22:02:51.000000000,141.49253604608606,3.4678143401861234,0.01945163431635582,293.1730478755083,407.9257600065591,0.0056897562990972424,114.75271213105076,642.9717968723613,0.06406720665942718,2.569259733550611,2.569259733550611,3.5354599193697096,861.3285154730269,625.9446107758268,-90.77400547626654,20.87119412576115,293.1730478755083,-5.319925486710482,-30.893540434589397,496.38675188076206,0.5907797531472289
142,2022-02-25 22:24:04.000000000,142.49524395538134,3.4896994473597096,0.01606697567014609,270.02696325502933,394.2603043258212,0.004710920736444501,124.23334107079194,641.8348896678841,0.06432109816572959,2.6014545521502845,2.6014545521502845,3.2628766257183717,788.7707043653746,628.7849658535098,-13.249281968061707,22.6876604111535,270.02696325502933,-43.66962903767952,-29.138947348728674,518.6263818772546,0.5224946419162386
143,2022-02-25 22:45:44.142856960,143.5102209097515,2.951593293608145,0.011569413785005244,250.17354927798394,342.87826991728514,0.004279929604274037,93.02260643552874,642.8755077776513,0.06459285653712851,2.608981692262856,2.608981692262856,3.137496077766269,751.9645669035798,625.2956853448513,-100.28992444154714,-5.171585316425096,250.17354927798394,10.731810205785406,-16.12938814330334,531.3834639708563,0.47108113852159
144,2022-02-25 23:07:08.000000000,144.50335809852538,4.1879261461083805,0.022852020144867785,278.9418722669977,387.74445091291057,0.005378896039613173,108.87299191303794,629.406412572909,0.06487321249750536,2.5857407671254515,2.5857407671254515,3.9041799509195876,927.582202492079,614.4085688249169,-52.34574450658884,8.977127894639128,278.9418722669977,-17.326487325357526,-7.923766029719888,468.78722397104013,0.5968261449689366
145,2022-02-25 23:28:59.000000000,145.507436904278,4.34191156815732,0.0336370652190455,369.9246501422387,524.7988268893012,0.00805334076907796,154.87417674706245,607.3999316961664,0.0651717693175635,2.314802871292866,2.314802871292866,4.3041192470941825,1013.3293846845381,545.0972499019771,21.33518341833422,16.309800556991856,369.9246501422387,-77.83999760652468,-6.313552026687075,432.4133180632841,0.8579108599705633
146,2022-02-25 23:51:39.692307712,146.5386247862072,3.8302017980501786,0.02854153486692877,376.34235707958703,555.9173428962704,0.008234235905533847,179.6453991983017,597.6855004869086,0.06549444142586461,2.269030369269744,2.269030369269744,4.323173034689408,1007.8856858264473,529.0505238469907,-51.03089900884171,88.72264242870769,376.34235707958703,-51.27056208724109,-66.53259219953962,426.5676384232551,0.8824526950702334
147,2022-02-26 00:12:47.705882368,147.48932679787464,4.313068463019292,0.028685791859374338,378.4147146695951,542.9732469556914,0.006987735110920241,164.55853228609627,588.4415533404269,0.0658065266409107,2.3902309239253516,2.3902309239253516,4.292016709819054,991.1215976195826,551.9670094243103,-7.963016053126154,45.681235122506074,378.4147146695951,-62.43120916189967,-24.189128838114335,423.4711143379981,0.8936801726179935
148,2022-02-26 00:35:18.941176576,148.4912318412934,5.131279220133491,0.03777756712630175,351.6410176438757,515.2970078106697,0.007861102237262586,163.655990166794,572.5666543403995,0.06615097487806298,2.29430148604846,2.29430148604846,5.133771685225703,1172.9740907978266,524.373775266831,-58.83091448902657,40.84242789645778,351.6410176438757,-42.16944515428546,-32.69942836639757,379.87644632883644,0.9273572548107899
149,2022-02-26 01:00:08.185185280,149.58174433274527,4.074201928709049,0.03505370475216042,368.6310295767196,546.6260412610229,0.009520865414141093,177.99501168430336,578.577315327959,0.06654453788862275,2.1376196277692863,2.1376196277692863,5.306080687771348,1198.295203634027,482.7474956415324,-225.33675583856697,139.93544089950427,368.6310295767196,27.83852701301427,-100.10776098942313,378.6612104524745,0.9730787114743658
150,2022-02-26 01:21:24.000000000,150.50424885085144,6.758269849197983,0.06381006589369168,305.4001732353295,443.94529354497354,0.00960447979875047,138.54512030964406,575.4468489867506,0.06689311377507118,2.364899519038472,2.364899519038472,6.118557439310837,1367.1286106862965,528.5772065402261,-10.8615442156763,-2.423205398244959,305.4001732353295,-29.303630545429534,-3.6223194481234975,353.39215223568783,0.8670746447942754
151,2022-02-26 01:44:31.000000000,151.49468658447222,6.022025563134357,0.03997847744517886,319.11262675266175,453.5187152644203,0.006644228973419353,134.4060885117585,569.2668972299048,0.06728359986401856,2.376918385959073,2.376918385959073,5.378138196984165,1188.1557872857838,525.0142067017995,-53.69168598638159,56.02568429320543,319.11262675266175,-23.101217841301626,-33.92665175951504,374.49953392220556,0.8520553348859833
152,2022-02-26 02:08:16.000000000,152.49857727387328,4.913880012108627,0.02533667977472115,304.4095220756437,430.9350737502848,0.005311187484979386,126.52555167464114,568.4884376068909,0.06769701617607404,2.4839198532575217,2.4839198532575217,4.724629172820196,1030.9873991546294,542.0097259541681,-52.495306776202646,-29.31855421827846,304.4095220756437,-30.97553597007018,22.432485372195828,401.21061561368293,0.7590378950272394
153,2022-02-26 02:32:20.000000000,153.5015166084632,5.0686120520479,0.03266775978386718,303.02108778024603,429.26730175381635,0.00667237834536497,126.24621397357029,565.2221073462682,0.0681282341463685,2.3839728735813237,2.3839728735813237,5.063291647092887,1090.6528825898333,513.6786398249591,-102.14862974577113,50.00427106736548,303.02108778024603,2.7233190034614942,-40.03175503280246,388.3464588113688,0.7823332318159817
154,2022-02-26 02:56:43.000000000,154.502728756149,6.37382683640872,0.04086204764956423,313.63397590159843,444.7481110863581,0.006485050140461741,131.12575644544344,546.7132108182692,0.06857743547072762,2.3089494946402467,2.3089494946402467,5.508126690882055,1171.2752919397342,490.9220684883362,73.34261188240639,-94.95837639328418,313.63397590159843,-76.71142661382228,55.04910419767066,361.91833313175005,0.8667447509595329
155,2022-02-26 03:21:30.000000000,155.5047146629482,6.033914710565648,0.040658773951231464,290.3354991769196,410.51855473171565,0.006923162104417156,120.1830555547961,543.0529262259457,0.06904629761095621,2.3456515888594693,2.3456515888594693,5.5166561627510795,1157.141737567635,492.06476867861556,-56.93202229328921,56.976655065460484,290.3354991769196,-8.459661498450103,-31.393232147532128,361.71168775302294,0.8022196031169377
156,2022-02-26 03:46:26.000000000,156.49689102804692,6.35099029940919,0.042703535230838134,291.2594197895022,439.5092183571429,0.006811452674352378,148.24979856764068,526.0828712625988,0.06953014034735061,2.460345258613864,2.460345258613864,5.600367993450371,1158.4318966031838,508.9561834874261,-34.01765546957587,49.54268342645671,291.2594197895022,-21.261979346933334,-29.97694693713799,350.78215391978415,0.8349479143817966
157,2022-02-26 04:12:05.000000000,157.500787005184,6.149645522305708,0.046144172791504845,325.76908362210963,500.00875131401125,0.007993860995904075,174.23966769190162,497.5651550174448,0.0700402061192634,2.286542975768046,2.286542975768046,6.521617852522633,1329.319782116496,466.157013391388,-58.18113130801166,-2.1720444698810817,325.76908362210963,-17.764354596798015,-18.20836854999818,309.2611440740099,1.053897408693287
158,2022-02-26 04:38:14.400000000,158.50697211800565,5.948412934195074,0.03661510791724087,366.6253507995862,522.9382146411165,0.006105061786856742,156.33662144447152,502.8948218143396,0.07057275376194659,2.3653939439866045,2.3653939439866045,5.5918594732907305,1123.665489068299,474.9215165122434,11.193596276438203,-3.7787968950029636,366.6253507995862,-55.50563668228682,-8.9320450201714,346.39597342735783,1.057998367634336
159,2022-02-26 05:04:20.000000000,159.49293086382784,4.367258850072785,0.028938256688402168,418.66224550216447,604.116716512987,0.006982673810459304,185.4544710108225,497.15163302303915,0.07111612061618681,2.308722063704535,2.308722063704535,4.3601556490666225,862.1170180956251,456.53969963124587,-28.41651410641224,31.433365606615364,418.66224550216447,-60.51835822896104,-28.193365027865802,383.6619470015212,1.0913455357038684
160,2022-02-26 05:31:27.048780544,160.49882684797603,3.8784779160826783,0.028182904090040636,437.2925090665189,616.6996458736141,0.007738136087509533,179.40713680709536,495.02985631383376,0.07169316892486788,2.2313416882831985,2.2313416882831985,4.388240266165291,853.7838566678439,434.0575654186756,-89.6309455752378,34.627788481861224,437.2925090665189,-33.360514172283814,-40.41692237349002,383.822241500048,1.1395611952847085
161,2022-02-26 05:59:00.837837824,161.5015712717917,3.806897722020588,0.023604807148189914,412.7423345282555,554.8881254742015,0.006430693013402926,142.14579094594595,488.66001282485496,0.07229214670078524,2.408256586694627,2.408256586694627,4.2936530364680445,821.6104193714058,460.787431280529,-47.99421006102678,-51.327028364847735,412.7423345282555,-50.63178675228501,20.76681023555283,386.24911642902134,1.0690830037669101
162,2022-02-26 06:26:59.000000256,162.49924067779617,4.458937955661327,0.025026804039658693,367.5650542686869,509.3842258464647,0.005701196997444787,141.81917157777778,488.23988260983765,0.07291211993031352,2.494650470878197,2.494650470878197,4.331761976962688,814.8083728680382,469.24519678136556,-45.064389793199965,16.63354759579375,367.5650542686869,-24.860331189324647,-30.081268348078787,387.64143590985867,0.9486610723094668
163,2022-02-26 06:56:15.636363520,163.5217407721442,6.10750582568972,0.030631657272264388,424.945205642562,609.3072383884297,0.005312815946217458,184.36203274586777,449.40639544969076,0.07357387914187172,2.1310679846546248,2.1310679846546248,5.657255950344358,1044.9032631168354,393.8253507677062,11.564790023749856,-13.797980113813265,424.945205642562,-70.39527398338844,-18.53934986685124,315.5870915568351,1.3508525586560411
164,2022-02-26 07:26:03.195121920,164.53981020150533,7.4237750250501255,0.03479739081322935,374.2540304944568,546.2794701396896,0.004997939444503919,172.0254396452328,432.74313344280665,0.07426009399226387,2.192120304283379,2.192120304283379,6.345100127199282,1150.3714460593148,397.4673408889532,7.5458198490154755,3.644527653554033,374.2540304944568,-59.98652028379158,-23.09483262781818,289.50791933693193,1.2923634379711164
165,2022-02-26 07:54:42.000000000,165.49722078521418,8.590442417515286,0.036565323701327104,344.2369989829545,484.27387358333334,0.004367082383556727,140.0368746003788,426.0235679981397,0.07493165477724882,2.210036012959607,2.210036012959607,7.276109260164642,1295.8635762431952,393.62166175083104,23.76590852129379,8.073225398969157,344.2369989829545,-49.88973001564394,-12.714174982662877,268.16567609583626,1.2840463983257937
166,2022-02-26 08:24:35.434782720,166.47432782262416,9.676788062023594,0.04149046725484743,360.76716628063247,482.35255226877473,0.0043371085125007754,121.58538598814229,414.85006976534856,0.07564393852037632,1.831221675657213,1.831221675657213,8.290018426271887,1448.8494220883895,319.8739963678697,58.73007381690616,-39.83270515690351,360.76716628063247,-59.513151177509876,9.815327150770752,247.18128779302305,1.4624152162893265
167,2022-02-26 08:56:46.000000000,167.50121749773535,10.17581663413637,0.040879784122374446,335.0465567230303,459.0651286608081,0.004066983350791499,124.0120187211111,403.6664447424889,0.0764234571631145,2.1526176012867073,2.1526176012867073,7.836945277698188,1342.1192806665827,368.5543732295223,67.58872661582515,48.542870391344564,335.0465567230303,-54.36180277916364,-19.841476846062626,249.71362082600888,1.342042979180625
168,2022-02-26 09:27:40.793103360,168.46360814199386,18.05856951855228,0.15043847113149583,225.38042031974922,270.63401069278996,0.0072878610576933775,45.719244717868335,410.17001174593736,0.07718425863737968,2.309015292209969,2.309015292209969,12.839195507246378,2150.6897227759264,387.74604249940546,30.505798861004244,-52.60189289923801,225.38042031974922,-7.395818424253918,17.077090014771162,213.29667773817297,1.056394304975332
169,2022-02-26 10:04:57.650000128,169.59417211520343,17.906963281273246,0.09844386966177109,187.08157461363638,206.4023506386364,0.005250540202548533,19.973178434090908,413.032396799515,0.07811597800340182,2.448571745165173,2.448571745165173,12.249996080981854,2009.6327962362939,401.1700663672347,-6.41946225616835,-20.858153343207523,187.08157461363638,4.781537438374864,7.681525723165909,211.82566540846673,0.8932786307917565
170,2022-02-26 10:35:53.775510272,170.50643643836224,13.700235027749333,0.06874320406553086,195.89562137847864,226.16592648237477,0.004917063549163767,30.540214562152137,422.5912282175163,0.07890088642738576,2.5581672186595887,2.5581672186595887,9.674436339457749,1554.6849721648439,410.93490619878133,-56.373028812470885,9.283216031593245,195.89562137847864,21.360655752745828,-2.0001237369424856,247.32228224191212,0.8035532270144639
171,2022-02-26 11:10:30.333333248,171.50083530167336,12.695106128231252,0.08827273136461054,230.52700185026737,280.9644312691622,0.007338156666469676,50.485355622103384,389.5909715950604,0.07979046875648727,2.271765112908548,2.271765112908548,10.483774096423454,1646.3701176850045,356.87142040447446,-84.48494155111362,-26.962143200394475,230.52700185026737,18.92009563921212,6.60000961433155,217.78231582460154,1.061985333589309
172,2022-02-26 11:46:34.222222080,172.50783032184813,12.848364299193484,0.08750296007529491,253.21849405892257,315.1972508939394,0.006878905533322706,61.97875683501684,382.91032023574166,0.08072975642857748,2.1760270409407565,2.1760270409407565,9.808012933438603,1505.7829085256906,333.74215874717896,-45.5000253265615,33.42373596466741,253.21849405892257,3.425293024705388,-21.40606709119192,224.4286178149959,1.134770331180921
173,2022-02-26 12:23:28.413793280,173.50791510584008,12.400593181376143,0.09062300326893177,244.19106973040752,313.29297250626956,0.0073320359036655345,69.10190277586207,380.0980290903515,0.08170314047472049,2.4507919201953032,2.4507919201953032,8.963557079995432,1343.0823176225897,367.154776443664,-21.5566254741805,-13.367308392138908,244.19106973040752,-6.803464802547806,2.6366902025584644,235.24597443618913,1.038962994479972
174,2022-02-26 13:01:33.000000000,174.50832127493675,9.870628490891814,0.07349505585337615,269.0100687883755,354.99206394932935,0.007460005773759475,85.9819951609538,373.0265676580174,0.08271960970488319,2.482918526797171,2.482918526797171,7.377426688703374,1078.3440408918486,362.8695711672826,-18.826310882043575,-7.151208589955093,269.0100687883755,-17.159365898252904,-3.145028278707899,257.4986097589242,1.0451520374185015
175,2022-02-26 13:40:49.000000000,175.50739437723422,8.538000882584512,0.06194033382369311,288.82727518326124,380.9093688369408,0.007355230017290741,92.08209365367965,364.08231067040845,0.08377991040306433,2.3959079309400244,2.3959079309400244,6.978235745682028,994.2687089473648,341.4189968911943,-35.29913822890305,-3.567359427486107,288.82727518326124,-15.709372779819049,-15.503131697874458,261.5908624975163,1.1042302877659718
176,2022-02-26 14:19:43.745762816,176.46576961269133,8.44395891649356,0.058212243855210705,292.234705422188,393.63880424653314,0.007061846592340079,101.40409882434516,361.8977409982444,0.08484184251729035,2.3384556397264893,2.3384556397264893,6.687932764688622,929.3244227887908,324.9486940675702,-6.955084718289064,20.588058031160593,292.234705422188,-38.16771307187982,-31.396662244063176,269.17130561560595,1.0863978426692038
177,2022-02-26 15:03:28.000000000,177.50587325890933,6.67704730140906,0.05168973255891468,293.69743749331553,412.52915499305556,0.008001759409007644,118.81509674810606,356.02510739306456,0.08604794844837066,2.4267696012086133,2.4267696012086133,6.014054993836909,812.3369272714224,327.7805967958338,-74.73313365441618,36.59985362570374,293.69743749331553,-3.6470620423210036,-52.346280468265,283.09873998607804,1.038134698907578
178,2022-02-26 15:47:12.478260736,178.50843869580532,7.409394908772086,0.06124577957926424,291.21896214492756,411.7810487760211,0.008678479451637982,120.56208663109354,343.06044342495903,0.08726617644352606,2.4340339328900984,2.4340339328900984,6.19111296525266,812.8428700637215,319.6149309365741,-30.990402824184898,25.89521311975993,291.21896214492756,-27.155009669807644,-52.267871037521736,272.6588611642493,1.068059329963052
179,2022-02-26 16:32:27.000000000,179.50692663829332,9.155032217099341,0.1270867392867823,270.8412998393524,377.3595772079701,0.013707392966521353,106.51827736861767,323.79677114705436,0.08853785038888119,2.407556971261106,2.407556971261106,7.695530575138597,980.8239773411491,307.2328829553036,-50.78946029936199,-4.9390126811358295,270.8412998393524,-3.3235854924358654,-23.89058676480324,236.02076659215203,1.1582214839892555
180,2022-02-26 17:19:49.297297152,180.5117719730732,9.3834990399206,0.17276742681597246,291.9245051179361,402.13368507002457,0.019401758158515938,110.23303041891891,304.1123745711158,0.08988096236663849,2.1017354336731024,2.1017354336731024,8.83458915751264,1093.3776571488045,260.23533748581957,-77.60550511729659,9.675967901458904,291.9245051179361,3.928933682157248,-35.593087184917685,208.58547629220945,1.4044380795283111
181,2022-02-26 18:08:43.000000000,181.50699708821654,9.372342752680822,0.16815102411027127,294.9997503693901,381.0804716674338,0.018964666819116363,86.08072129804373,297.13403887309727,0.09127850953305867,1.9285175825067171,1.9285175825067171,9.322362469254703,1118.7176636191755,231.78969762665625,-83.33982476326528,-26.19120161204123,294.9997503693901,7.236361634689299,-11.406345786670887,201.3279431729276,1.4661264775649419
182,2022-02-26 18:56:50.366666496,182.44627287673754,12.201938433111156,0.19696243427364282,294.3087675136364,380.62963042575757,0.01660980361194697,86.3208629121212,294.1277093113027,0.09266405932642464,2.0577970279752353,2.0577970279752353,9.372688600896023,1091.8919951424646,239.5637034559208,20.38848870356708,-22.2803840860348,294.3087675136364,-36.39284878781061,-9.87813279919091,201.70240809549284,1.4600036519017359
183,2022-02-26 19:54:21.191780608,183.51875933701044,10.435507549472645,0.17139373071650402,299.5812958978829,370.269859630137,0.016993261020765163,70.71780305977583,293.18983519912206,0.09433164219435759,2.0180555592403273,2.0180555592403273,9.110630824579088,1023.9843803175614,226.69129691646748,-29.28928862158811,-64.29819681170268,299.5812958978829,-12.761875454575343,16.42969005097136,207.62922009791458,1.4455593578394477
184,2022-02-26 20:52:12.735848960,184.54459204448375,11.634644926372383,0.19367566723502042,264.6043654372022,334.52964520754716,0.01682726934357368,69.92527977034496,294.28909674393225,0.09602059408788814,2.562698727813709,2.562698727813709,8.566242255627767,929.410288277122,277.9325369951987,-53.13014635858313,40.61740916920826,264.6043654372022,8.030313011947399,-36.65846774806442,218.82418368891172,1.210260062825846
185,2022-02-26 21:47:07.775000064,185.4715984776223,10.752758845489154,0.1780348640909833,279.21485029772725,347.0788237511364,0.016668475497294836,67.8639734534091,278.888098723785,0.09763272940209548,2.3358680071215008,2.3358680071215008,8.418299042295871,883.3926420030799,245.0642246867978,-79.80797160251772,72.67750451821769,279.21485029772725,19.104269956551136,-50.52046140514773,212.56062314368432,1.313904545745159
186,2022-02-26 22:43:44.333333248,186.3823381519535,11.609828361343329,0.16712285723587278,295.9533419122807,360.9261285869219,0.014648106862262918,65.00960649282297,264.99513109328285,0.09930243904773571,2.1297136241536263,2.1297136241536263,8.418609419849911,853.2132098484157,216.04312840233487,-42.40080512309121,95.41983221040279,295.9533419122807,5.405951883157894,-60.640721797958534,207.4494386099171,1.4400980984404166
187,2022-02-27 00:05:51.632911360,187.62403729837877,9.82986874522035,0.1549389687771037,286.32345771538166,359.5607120103568,0.01610659747310702,73.22591413578827,247.24347361175802,0.10173695832291889,2.4998724687472604,2.4998724687472604,7.673773710157257,741.4544520401266,241.59200035683318,-26.983795956244112,-2.739818882679737,286.32345771538166,-0.4502965613109705,-11.80248553645792,205.72867616211644,1.3919439257114583
188,2022-02-27 01:08:10.875000064,188.50634437676186,7.812886184382164,0.13860131431167222,284.02344751251184,352.9082415160473,0.018052354608384023,68.8847940035355,244.32126993793128,0.10359243159958699,2.4976026858013625,2.4976026858013625,7.3723618072931325,687.2572900304523,232.70792066189242,-58.980809055202066,5.554052758623864,284.02344751251184,16.884779804571586,-22.33658415219259,211.2927635985355,1.345907633707334
189,2022-02-27 02:21:33.333333504,189.48576064927093,6.658731759123147,0.09795156006375996,266.2835051129338,333.6600729011734,0.014878840411275641,67.37500666188197,243.513969819896,0.10578349192250786,2.646369311858112,2.646369311858112,6.047918447217246,540.8251584205768,236.5293177512889,-16.337630783121377,22.296581283497776,266.2835051129338,-1.7256156642917713,-30.633184630085758,237.95341103801616,1.1194696285365902
190,2022-02-27 03:45:20.632000000,190.52724062781573,6.410488244472394,0.08090709689899285,287.37868026941413,364.411441666,0.01287185174505627,77.03393043436363,230.1431897588466,0.10829220076054158,2.5480665356608396,2.5480665356608396,6.032176320894079,514.5334298253728,217.25755896064317,16.065704207273495,-13.488648129199728,287.37868026941413,-24.240227125571476,-8.540257812237037,229.9021508667133,1.250408718369832
191,2022-02-27 05:10:33.000000000,191.50784329450536,6.556598641992772,0.07454557506278885,269.8425595899555,334.6709612104259,0.011321437406749365,64.82840162047044,223.2451025708047,0.11084816348313786,2.6721176569094864,2.6721176569094864,5.643950302816072,459.66116616222934,217.40364841158242,-8.479539639916684,12.530831642335746,269.8425595899555,-2.204340306749841,-22.193882593480353,236.29025510230687,1.1453728879485097
192,2022-02-27 06:43:39.550724608,192.49526959882718,10.405758603784447,0.04998982612769679,224.76993102635046,244.74635322266138,0.004960856235531175,20.06472216864295,215.37028986993738,0.11364405471588322,2.7702277800664983,2.7702277800664983,7.536800939523658,583.6774942499356,214.54426567503342,-4.677652679117895,-4.083911399565873,224.76993102635046,4.577749478954545,-1.026818930837286,203.632599304696,1.10804766379682
193,2022-02-27 08:34:44.262295296,193.5664438922202,15.535231343850224,0.12463126221867506,208.62956737406856,228.49478497839047,0.007973566264872136,19.921920818926974,175.80719025203106,0.11697999928891208,1.68400564879212,1.68400564879212,12.224965539034809,892.4290403577552,123.80231351786611,-85.83603798178387,17.205399686344975,208.62956737406856,13.090493193037034,-8.322539929960508,135.39868530426946,1.5808731504513676
194,2022-02-27 10:13:17.863636480,194.42736058706697,14.036783807926978,0.11962834318959177,219.4877921887052,248.516617696281,0.008411320865888111,29.06825892355372,159.08603344750827,0.11993759774139257,1.6493184608880647,1.6493184608880647,11.281390927081864,785.5536098385573,114.40568813567216,-82.50559155267331,0.7184895517199952,219.4877921887052,10.5784447311219,2.2110065729082646,131.70495930688637,1.7117345425122559
195,2022-02-27 12:08:29.880596992,195.3352913316683,17.47338863817391,0.17960042368527815,225.53996443351423,241.2709904145183,0.0104992962488094,15.731049237449117,149.62574682677422,0.1233886598872256,1.030259627918462,1.030259627918462,13.7047592816279,899.867107874451,68.00848226297903,-95.08505988000174,46.98229452918525,225.53996443351423,16.55426580347151,-19.307393459734733,113.11442918924345,2.0036450990997325
196,2022-02-27 15:10:02.072727296,196.565545359543,15.741491892185614,0.16791293815086833,242.55107495950412,276.1528290016529,0.010695409252237543,33.60175404214876,137.72317579329038,0.12880703440727712,1.2794544597334683,1.2794544597334683,12.31902430060877,743.0131820703184,76.88034896836356,-79.05746973871737,-1.1040139459150875,242.55107495950412,7.342788297335951,-0.25798647797768604,114.59097579093681,2.1242543635837525
197,2022-02-27 18:00:45.550898176,197.5282408649352,15.477704430954745,0.20975710504152553,279.3581229874796,319.23587615841046,0.013782815157257006,39.877753170930866,113.81377870277106,0.1338738984398754,0.47145431952220124,0.47145431952220124,12.529952142647398,699.7187136222892,26.216721656895203,-46.237463343651115,33.54221124761158,279.3581229874796,-4.577539917522482,-16.834731963444746,97.87277842461869,2.952181564482834
198,2022-02-27 22:07:10.313807360,198.61781563893882,11.753722887962411,0.19832531260055747,279.867440424496,321.35657448421455,0.017345877204875328,41.48913405971852,109.06424810133468,0.14112411360115457,0.8344399502528729,0.8344399502528729,11.27275967856251,565.8285046760399,42.448612626786556,-49.78540680736949,-26.08703471694169,279.867440424496,-11.93157167127714,9.286091832551616,104.01278478221806,2.7120806322906734
199,2022-02-28 02:46:54.611548672,199.49490314203825,12.415278192346575,0.1097788089842109,271.6425630510618,293.8726868401336,0.009120019063656367,22.26983042090193,111.90169189889373,0.14925269947998931,1.6046899979415816,1.6046899979415816,10.562763096953184,475.40395489133374,71.19882313969977,-65.96398914528675,6.854732149797516,271.6425630510618,4.806444226678955,-14.457790479534072,116.62125510582361,2.3459274461061264
